region,date,type,median,mean,sd,lower_20,upper_20,lower_50,upper_50,lower_90,upper_90
East of England,2020-02-28,estimate,1,1,0,1,1,1,1,1,1
East of England,2020-02-29,estimate,1,1,0,1,1,1,1,1,1
East of England,2020-03-01,estimate,2,2,0,2,2,2,2,2,3
East of England,2020-03-02,estimate,4,4,0,4,4,4,4,4,5
East of England,2020-03-03,estimate,6,6,1,6,6,5,6,5,7
East of England,2020-03-04,estimate,9,9,1,9,9,8,9,7,11
East of England,2020-03-05,estimate,12,12,1,12,12,11,13,10,14
East of England,2020-03-06,estimate,16,16,2,16,17,15,17,14,19
East of England,2020-03-07,estimate,21,22,2,21,22,20,23,18,25
East of England,2020-03-08,estimate,25,25,2,24,25,23,27,21,30
East of England,2020-03-09,estimate,30,30,3,30,31,28,32,25,35
East of England,2020-03-10,estimate,35,35,3,33,35,33,37,30,41
East of England,2020-03-11,estimate,42,42,4,41,42,39,44,36,49
East of England,2020-03-12,estimate,49,50,5,48,50,46,53,42,58
East of England,2020-03-13,estimate,55,55,5,54,57,51,58,46,64
East of England,2020-03-14,estimate,61,61,6,59,62,57,65,52,71
East of England,2020-03-15,estimate,66,66,6,62,65,61,70,55,76
East of England,2020-03-16,estimate,73,73,7,70,74,67,77,61,85
East of England,2020-03-17,estimate,77,77,8,74,78,71,82,65,91
East of England,2020-03-18,estimate,83,84,8,81,85,77,88,70,98
East of England,2020-03-19,estimate,81,81,6,78,81,76,84,71,91
East of England,2020-03-20,estimate,85,85,8,82,85,79,88,73,97
East of England,2020-03-21,estimate,88,89,9,85,89,82,92,76,102
East of England,2020-03-22,estimate,91,92,9,87,91,84,95,77,107
East of England,2020-03-23,estimate,94,95,10,89,93,85,98,79,110
East of England,2020-03-24,estimate,96,97,10,91,96,87,101,80,113
East of England,2020-03-25,estimate,97,98,11,93,98,89,103,81,115
East of England,2020-03-26,estimate,98,99,11,93,98,91,105,83,117
East of England,2020-03-27,estimate,99,100,10,94,99,91,105,82,116
East of England,2020-03-28,estimate,99,99,10,95,100,90,104,83,115
East of England,2020-03-29,estimate,98,99,10,94,99,90,103,82,114
East of England,2020-03-30,estimate,96,97,9,92,96,88,100,82,112
East of England,2020-03-31,estimate,94,95,9,92,96,87,99,80,109
East of England,2020-04-01,estimate,92,93,9,88,92,85,96,78,106
East of England,2020-04-02,estimate,89,90,8,88,92,83,93,76,103
East of England,2020-04-03,estimate,86,87,8,84,88,81,91,73,99
East of England,2020-04-04,estimate,83,84,8,82,86,77,87,71,96
East of England,2020-04-05,estimate,80,80,8,78,82,74,84,68,92
East of England,2020-04-06,estimate,77,77,7,74,78,71,80,65,88
East of England,2020-04-07,estimate,73,73,7,71,74,68,77,61,85
East of England,2020-04-08,estimate,70,70,7,69,73,65,74,59,82
East of England,2020-04-09,estimate,67,67,7,66,69,62,71,56,78
East of England,2020-04-10,estimate,64,64,7,62,65,59,67,53,74
East of England,2020-04-11,estimate,61,61,6,59,62,56,65,49,71
East of England,2020-04-12,estimate,58,58,6,56,59,53,62,48,69
East of England,2020-04-13,estimate,56,56,6,53,56,51,59,46,66
East of England,2020-04-14,estimate,53,53,6,51,54,49,57,44,63
East of England,2020-04-15,estimate,51,51,6,49,52,47,55,41,60
East of England,2020-04-16,estimate,49,49,5,47,50,45,52,40,58
East of England,2020-04-17,estimate,47,47,5,46,48,43,50,38,56
East of England,2020-04-18,estimate,46,46,5,44,46,42,49,37,54
East of England,2020-04-19,estimate,44,44,5,43,46,41,47,36,52
East of England,2020-04-20,estimate,43,43,5,41,44,39,45,35,50
East of England,2020-04-21,estimate,41,41,4,39,42,38,44,34,49
East of England,2020-04-22,estimate,40,40,4,39,41,37,43,33,47
East of England,2020-04-23,estimate,39,39,4,37,39,36,41,33,46
East of England,2020-04-24,estimate,38,38,4,36,37,35,40,32,45
East of England,2020-04-25,estimate,37,37,4,35,37,34,39,31,44
East of England,2020-04-26,estimate,36,36,4,35,36,33,38,30,42
East of England,2020-04-27,estimate,35,35,4,33,35,32,37,29,41
East of England,2020-04-28,estimate,34,34,4,33,34,31,36,28,40
East of England,2020-04-29,estimate,33,33,4,32,33,31,35,27,39
East of England,2020-04-30,estimate,32,32,3,31,33,29,34,27,38
East of England,2020-05-01,estimate,31,31,3,28,30,28,32,25,36
East of England,2020-05-02,estimate,30,30,3,27,29,27,32,25,35
East of England,2020-05-03,estimate,29,29,3,27,28,26,30,23,34
East of England,2020-05-04,estimate,27,28,3,26,27,25,29,23,33
East of England,2020-05-05,estimate,26,27,3,25,27,24,28,22,32
East of England,2020-05-06,estimate,25,26,3,24,25,23,27,21,30
East of England,2020-05-07,estimate,24,24,3,23,24,22,26,20,29
East of England,2020-05-08,estimate,23,23,3,22,23,21,24,19,27
East of England,2020-05-09,estimate,22,22,3,21,22,20,23,18,26
East of England,2020-05-10,estimate,21,21,2,20,21,19,22,17,25
East of England,2020-05-11,estimate,20,20,2,19,20,18,21,16,24
East of England,2020-05-12,estimate,19,19,2,18,19,17,20,15,22
East of England,2020-05-13,estimate,18,18,2,17,18,16,19,14,21
East of England,2020-05-14,estimate,17,17,2,16,17,15,18,14,20
East of England,2020-05-15,estimate,16,16,2,15,16,14,17,13,19
East of England,2020-05-16,estimate,15,15,2,15,16,13,16,12,18
East of England,2020-05-17,estimate,14,14,2,14,14,13,15,11,17
East of England,2020-05-18,estimate,13,13,2,13,14,12,14,11,16
East of England,2020-05-19,estimate,12,12,2,12,13,11,13,10,15
East of England,2020-05-20,estimate,12,12,1,11,12,11,12,9,14
East of England,2020-05-21,estimate,11,11,1,11,11,10,12,9,13
East of England,2020-05-22,estimate,10,10,1,10,11,9,11,8,13
East of England,2020-05-23,estimate,10,10,1,9,10,9,11,8,12
East of England,2020-05-24,estimate,9,9,1,9,10,8,10,7,12
East of England,2020-05-25,estimate,9,9,1,9,10,8,10,7,11
East of England,2020-05-26,estimate,8,8,1,8,9,8,9,7,11
East of England,2020-05-27,estimate,8,8,1,8,8,7,9,6,10
East of England,2020-05-28,estimate,8,8,1,7,8,7,8,6,10
East of England,2020-05-29,estimate,7,7,1,7,8,7,8,6,9
East of England,2020-05-30,estimate,7,7,1,7,7,6,8,5,9
East of England,2020-05-31,estimate,7,7,1,6,7,6,8,5,9
East of England,2020-06-01,estimate,7,7,1,7,7,6,7,5,8
East of England,2020-06-02,estimate,7,7,1,6,7,6,7,5,8
East of England,2020-06-03,estimate,6,6,1,6,7,6,7,5,8
East of England,2020-06-04,estimate,6,6,1,6,6,6,7,5,8
East of England,2020-06-05,estimate,6,6,1,6,6,6,7,5,8
East of England,2020-06-06,estimate,6,6,1,6,6,5,6,5,7
East of England,2020-06-07,estimate,6,6,1,5,6,5,6,4,7
East of England,2020-06-08,estimate,6,6,1,5,6,5,6,4,7
East of England,2020-06-09,estimate,6,6,1,5,6,5,6,4,7
East of England,2020-06-10,estimate,5,6,1,5,5,5,6,4,7
East of England,2020-06-11,estimate,5,5,1,5,5,5,6,4,7
East of England,2020-06-12,estimate,5,5,1,5,5,5,6,4,7
East of England,2020-06-13,estimate,5,5,1,5,5,4,5,4,6
East of England,2020-06-14,estimate,5,5,1,5,5,4,5,4,6
East of England,2020-06-15,estimate,5,5,1,4,5,4,5,4,6
East of England,2020-06-16,estimate,5,5,1,4,5,4,5,3,6
East of England,2020-06-17,estimate,4,5,1,4,5,4,5,3,6
East of England,2020-06-18,estimate,4,4,1,4,4,4,5,3,5
East of England,2020-06-19,estimate,4,4,1,4,4,4,4,3,5
East of England,2020-06-20,estimate,4,4,1,3,4,3,4,3,5
East of England,2020-06-21,estimate,4,4,1,3,4,3,4,3,5
East of England,2020-06-22,estimate,3,4,1,3,4,3,4,3,4
East of England,2020-06-23,estimate,3,3,1,3,3,3,4,3,4
East of England,2020-06-24,estimate,3,3,1,3,3,3,3,2,4
East of England,2020-06-25,estimate,3,3,1,3,3,3,3,2,4
East of England,2020-06-26,estimate,3,3,0,3,3,2,3,2,4
East of England,2020-06-27,estimate,3,3,0,2,3,2,3,2,3
East of England,2020-06-28,estimate,2,2,0,2,2,2,3,2,3
East of England,2020-06-29,estimate,2,2,0,2,2,2,2,2,3
East of England,2020-06-30,estimate,2,2,0,2,2,2,2,2,3
East of England,2020-07-01,estimate,2,2,0,2,2,2,2,1,3
East of England,2020-07-02,estimate,2,2,0,2,2,2,2,1,2
East of England,2020-07-03,estimate,2,2,0,2,2,1,2,1,2
East of England,2020-07-04,estimate,2,2,0,2,2,1,2,1,2
East of England,2020-07-05,estimate,2,2,0,1,2,1,2,1,2
East of England,2020-07-06,estimate,1,1,0,1,1,1,2,1,2
East of England,2020-07-07,estimate,1,1,0,1,1,1,2,1,2
East of England,2020-07-08,estimate,1,1,0,1,1,1,1,1,2
East of England,2020-07-09,estimate,1,1,0,1,1,1,1,1,2
East of England,2020-07-10,estimate,1,1,0,1,1,1,1,1,2
East of England,2020-07-11,estimate,1,1,0,1,1,1,1,1,2
East of England,2020-07-12,estimate,1,1,0,1,1,1,1,1,1
East of England,2020-07-13,estimate,1,1,0,1,1,1,1,1,1
East of England,2020-07-14,estimate,1,1,0,1,1,1,1,1,1
East of England,2020-07-15,estimate,1,1,0,1,1,1,1,1,1
East of England,2020-07-16,estimate,1,1,0,1,1,1,1,1,1
East of England,2020-07-17,estimate,1,1,0,1,1,1,1,0,1
East of England,2020-07-18,estimate,1,1,0,1,1,1,1,0,1
East of England,2020-07-19,estimate,1,1,0,1,1,1,1,0,1
East of England,2020-07-20,estimate,1,1,0,1,1,1,1,0,1
East of England,2020-07-21,estimate,1,1,0,1,1,1,1,0,1
East of England,2020-07-22,estimate,1,1,0,1,1,1,1,0,1
East of England,2020-07-23,estimate,1,1,0,1,1,0,1,0,1
East of England,2020-07-24,estimate,1,1,0,1,1,0,1,0,1
East of England,2020-07-25,estimate,1,1,0,0,1,0,1,0,1
East of England,2020-07-26,estimate,1,1,0,0,1,0,1,0,1
East of England,2020-07-27,estimate,1,1,0,0,1,0,1,0,1
East of England,2020-07-28,estimate,1,1,0,0,1,0,1,0,1
East of England,2020-07-29,estimate,1,1,0,0,1,0,1,0,1
East of England,2020-07-30,estimate,1,1,0,0,1,0,1,0,1
East of England,2020-07-31,estimate,1,1,0,0,1,0,1,0,1
East of England,2020-08-01,estimate,0,1,0,0,0,0,1,0,1
East of England,2020-08-02,estimate,0,0,0,0,0,0,1,0,1
East of England,2020-08-03,estimate,0,0,0,0,0,0,1,0,1
East of England,2020-08-04,estimate,0,0,0,0,0,0,1,0,1
East of England,2020-08-05,estimate,0,0,0,0,0,0,1,0,1
East of England,2020-08-06,estimate,0,0,0,0,0,0,1,0,1
East of England,2020-08-07,estimate,0,0,0,0,0,0,1,0,1
East of England,2020-08-08,estimate,0,0,0,0,0,0,1,0,1
East of England,2020-08-09,estimate,0,0,0,0,0,0,0,0,1
East of England,2020-08-10,estimate,0,0,0,0,0,0,0,0,1
East of England,2020-08-11,estimate,0,0,0,0,0,0,0,0,1
East of England,2020-08-12,estimate,0,0,0,0,0,0,0,0,1
East of England,2020-08-13,estimate,0,0,0,0,0,0,0,0,1
East of England,2020-08-14,estimate,0,0,0,0,0,0,0,0,1
East of England,2020-08-15,estimate,0,0,0,0,0,0,0,0,1
East of England,2020-08-16,estimate,0,0,0,0,0,0,0,0,1
East of England,2020-08-17,estimate,0,0,0,0,0,0,0,0,1
East of England,2020-08-18,estimate,0,0,0,0,0,0,0,0,1
East of England,2020-08-19,estimate,0,0,0,0,0,0,0,0,1
East of England,2020-08-20,estimate,0,0,0,0,0,0,0,0,1
East of England,2020-08-21,estimate,0,0,0,0,0,0,0,0,1
East of England,2020-08-22,estimate,0,0,0,0,0,0,0,0,1
East of England,2020-08-23,estimate,0,0,0,0,0,0,0,0,1
East of England,2020-08-24,estimate,0,0,0,0,0,0,0,0,1
East of England,2020-08-25,estimate,0,0,0,0,0,0,0,0,1
East of England,2020-08-26,estimate,0,0,0,0,0,0,0,0,1
East of England,2020-08-27,estimate,0,0,0,0,0,0,0,0,1
East of England,2020-08-28,estimate,0,0,0,0,0,0,0,0,1
East of England,2020-08-29,estimate,0,0,0,0,0,0,1,0,1
East of England,2020-08-30,estimate,0,0,0,0,0,0,1,0,1
East of England,2020-08-31,estimate,0,1,0,0,0,0,1,0,1
East of England,2020-09-01,estimate,1,1,0,0,1,0,1,0,1
East of England,2020-09-02,estimate,1,1,0,0,1,0,1,0,1
East of England,2020-09-03,estimate,1,1,0,0,1,0,1,0,1
East of England,2020-09-04,estimate based on partial data,1,1,0,0,1,0,1,0,1
East of England,2020-09-05,estimate based on partial data,1,1,0,1,1,0,1,0,1
East of England,2020-09-06,estimate based on partial data,1,1,0,1,1,0,1,0,1
East of England,2020-09-07,estimate based on partial data,1,1,0,1,1,0,1,0,1
East of England,2020-09-08,estimate based on partial data,1,1,0,1,1,0,1,0,1
East of England,2020-09-09,estimate based on partial data,1,1,0,1,1,0,1,0,1
East of England,2020-09-10,estimate based on partial data,1,1,0,1,1,0,1,0,2
East of England,2020-09-11,estimate based on partial data,1,1,1,1,1,0,1,0,2
East of England,2020-09-12,estimate based on partial data,1,1,1,0,1,0,1,0,2
East of England,2020-09-13,estimate based on partial data,1,1,1,0,1,0,1,0,2
East of England,2020-09-14,estimate based on partial data,1,1,1,0,1,0,1,0,3
East of England,2020-09-15,estimate based on partial data,1,1,1,0,1,0,1,0,3
East of England,2020-09-16,estimate based on partial data,1,2,2,0,1,0,1,0,3
East of England,2020-09-17,estimate based on partial data,1,2,2,0,1,0,1,0,4
East of England,2020-09-18,estimate based on partial data,1,2,3,0,1,0,1,0,5
East of England,2020-09-19,estimate based on partial data,1,3,4,0,1,0,1,0,5
East of England,2020-09-20,estimate based on partial data,2,3,6,0,1,0,2,0,6
East of England,2020-09-21,estimate based on partial data,2,4,9,0,1,0,2,0,7
East of England,2020-09-22,estimate based on partial data,2,5,15,0,1,0,2,0,9
East of England,2020-09-23,estimate based on partial data,2,6,25,0,1,0,2,0,10
England,2020-02-28,estimate,10,10,1,9,10,9,10,8,11
England,2020-02-29,estimate,24,24,2,24,25,22,25,20,28
England,2020-03-01,estimate,41,41,4,40,42,37,43,34,48
England,2020-03-02,estimate,63,63,6,61,64,57,66,52,73
England,2020-03-03,estimate,87,87,9,84,88,80,92,73,102
England,2020-03-04,estimate,117,118,11,114,120,108,123,98,135
England,2020-03-05,estimate,155,156,15,149,156,142,162,131,180
England,2020-03-06,estimate,191,192,19,184,193,174,200,160,222
England,2020-03-07,estimate,228,229,22,220,231,211,241,190,263
England,2020-03-08,estimate,263,264,27,256,267,241,276,219,308
England,2020-03-09,estimate,304,305,30,295,310,283,322,257,353
England,2020-03-10,estimate,351,353,35,336,353,327,374,298,409
England,2020-03-11,estimate,401,403,39,390,409,373,423,343,469
England,2020-03-12,estimate,457,459,45,440,462,423,481,387,536
England,2020-03-13,estimate,514,516,51,497,521,476,542,434,600
England,2020-03-14,estimate,568,571,56,550,578,528,603,484,664
England,2020-03-15,estimate,636,640,62,611,640,591,674,545,748
England,2020-03-16,estimate,696,699,68,675,708,653,743,588,807
England,2020-03-17,estimate,746,749,75,719,756,694,795,627,868
England,2020-03-18,estimate,802,806,82,755,794,747,855,667,927
England,2020-03-19,estimate,788,791,49,764,788,757,821,713,870
England,2020-03-20,estimate,827,830,56,817,845,787,861,742,923
England,2020-03-21,estimate,861,864,63,847,878,821,904,770,973
England,2020-03-22,estimate,890,894,68,862,896,847,936,787,1008
England,2020-03-23,estimate,915,918,72,896,931,861,955,801,1035
England,2020-03-24,estimate,933,936,74,908,943,889,985,822,1063
England,2020-03-25,estimate,946,948,75,924,960,896,993,825,1067
England,2020-03-26,estimate,950,952,73,936,972,898,995,830,1070
England,2020-03-27,estimate,946,949,71,928,963,900,995,828,1060
England,2020-03-28,estimate,937,939,68,918,951,884,976,828,1051
England,2020-03-29,estimate,921,922,65,900,932,879,967,816,1027
England,2020-03-30,estimate,898,900,62,872,903,856,938,800,1003
England,2020-03-31,estimate,871,873,60,852,882,824,903,772,966
England,2020-04-01,estimate,840,842,57,816,844,803,879,747,933
England,2020-04-02,estimate,805,808,55,782,808,770,844,717,895
England,2020-04-03,estimate,770,772,53,766,793,733,802,679,853
England,2020-04-04,estimate,734,735,52,727,753,696,764,651,820
England,2020-04-05,estimate,697,698,50,688,713,663,729,613,776
England,2020-04-06,estimate,661,661,49,655,679,625,689,580,738
England,2020-04-07,estimate,626,626,47,620,643,601,663,547,701
England,2020-04-08,estimate,591,592,45,573,595,566,626,513,662
England,2020-04-09,estimate,559,560,44,543,564,528,586,488,630
England,2020-04-10,estimate,530,530,42,520,541,501,557,462,599
England,2020-04-11,estimate,502,502,40,493,512,477,531,439,570
England,2020-04-12,estimate,476,476,38,470,488,447,498,416,541
England,2020-04-13,estimate,452,453,36,448,465,425,473,394,514
England,2020-04-14,estimate,430,431,35,421,437,405,451,376,490
England,2020-04-15,estimate,410,412,33,403,419,389,432,359,468
England,2020-04-16,estimate,393,394,32,388,403,368,409,341,446
England,2020-04-17,estimate,377,377,30,369,383,351,390,327,428
England,2020-04-18,estimate,362,362,29,354,368,340,377,316,412
England,2020-04-19,estimate,348,349,28,343,356,328,364,304,396
England,2020-04-20,estimate,336,336,27,331,344,318,353,293,382
England,2020-04-21,estimate,324,325,26,318,330,304,338,282,368
England,2020-04-22,estimate,314,314,25,312,324,295,328,275,356
England,2020-04-23,estimate,304,304,24,299,310,287,320,264,342
England,2020-04-24,estimate,294,294,23,289,301,279,309,256,331
England,2020-04-25,estimate,285,285,22,277,288,268,298,246,318
England,2020-04-26,estimate,276,276,22,273,283,258,287,239,309
England,2020-04-27,estimate,267,268,21,263,273,252,278,233,301
England,2020-04-28,estimate,259,260,20,253,263,245,271,226,292
England,2020-04-29,estimate,251,251,20,243,253,237,263,219,283
England,2020-04-30,estimate,243,243,19,239,248,228,253,211,273
England,2020-05-01,estimate,235,236,19,232,241,221,244,207,267
England,2020-05-02,estimate,227,228,18,225,234,215,239,198,256
England,2020-05-03,estimate,219,220,17,214,222,206,229,191,247
England,2020-05-04,estimate,211,212,17,208,216,199,220,184,239
England,2020-05-05,estimate,204,204,16,200,208,192,213,177,231
England,2020-05-06,estimate,196,197,16,190,198,186,206,170,222
England,2020-05-07,estimate,188,189,15,183,190,179,198,162,212
England,2020-05-08,estimate,181,181,15,176,183,170,189,159,207
England,2020-05-09,estimate,173,174,14,169,176,162,180,151,197
England,2020-05-10,estimate,166,167,13,163,169,155,172,146,189
England,2020-05-11,estimate,159,159,13,156,162,147,164,139,180
England,2020-05-12,estimate,152,152,12,150,155,142,158,133,172
England,2020-05-13,estimate,145,145,11,142,147,135,150,126,164
England,2020-05-14,estimate,138,139,11,136,141,131,145,120,156
England,2020-05-15,estimate,132,132,10,129,134,125,138,116,150
England,2020-05-16,estimate,126,126,10,122,126,118,131,108,141
England,2020-05-17,estimate,120,120,9,114,119,113,126,105,135
England,2020-05-18,estimate,114,114,9,110,114,107,119,99,128
England,2020-05-19,estimate,108,108,9,105,109,102,114,94,122
England,2020-05-20,estimate,103,103,8,101,104,97,108,89,117
England,2020-05-21,estimate,98,98,8,94,98,92,102,85,111
England,2020-05-22,estimate,93,93,8,91,95,88,98,80,105
England,2020-05-23,estimate,88,89,8,84,87,84,94,77,101
England,2020-05-24,estimate,84,84,7,80,84,79,89,73,96
England,2020-05-25,estimate,80,80,7,76,79,75,85,68,91
England,2020-05-26,estimate,76,76,7,72,76,71,80,65,87
England,2020-05-27,estimate,73,73,6,71,74,68,76,63,84
England,2020-05-28,estimate,69,69,6,67,70,65,73,59,79
England,2020-05-29,estimate,66,66,6,63,66,63,70,57,76
England,2020-05-30,estimate,63,63,6,62,65,59,66,54,73
England,2020-05-31,estimate,60,61,5,59,62,56,63,52,69
England,2020-06-01,estimate,58,58,5,56,59,53,60,50,67
England,2020-06-02,estimate,56,56,5,54,56,53,59,48,64
England,2020-06-03,estimate,53,54,5,51,53,50,56,46,61
England,2020-06-04,estimate,51,51,4,49,51,48,54,44,58
England,2020-06-05,estimate,49,49,4,46,49,46,52,42,56
England,2020-06-06,estimate,47,48,4,45,47,44,50,41,54
England,2020-06-07,estimate,45,46,4,44,45,43,48,39,52
England,2020-06-08,estimate,44,44,4,42,44,41,46,38,50
England,2020-06-09,estimate,42,42,4,41,42,39,44,36,48
England,2020-06-10,estimate,40,41,4,39,41,38,42,35,47
England,2020-06-11,estimate,39,39,3,38,40,36,41,33,44
England,2020-06-12,estimate,37,38,3,36,38,35,39,32,43
England,2020-06-13,estimate,36,36,3,35,37,33,38,30,41
England,2020-06-14,estimate,34,34,3,34,35,32,36,29,40
England,2020-06-15,estimate,33,33,3,32,33,30,34,28,38
England,2020-06-16,estimate,31,31,3,30,32,29,33,27,36
England,2020-06-17,estimate,30,30,3,29,30,28,32,25,34
England,2020-06-18,estimate,28,29,3,27,29,27,30,24,33
England,2020-06-19,estimate,27,27,3,26,28,25,28,23,32
England,2020-06-20,estimate,26,26,2,26,27,24,27,22,30
England,2020-06-21,estimate,24,25,2,24,25,23,26,21,28
England,2020-06-22,estimate,23,23,2,23,25,22,25,20,27
England,2020-06-23,estimate,22,22,2,22,23,21,24,19,26
England,2020-06-24,estimate,21,21,2,20,21,19,22,18,24
England,2020-06-25,estimate,20,20,2,19,20,18,21,17,23
England,2020-06-26,estimate,19,19,2,18,19,18,20,16,22
England,2020-06-27,estimate,18,18,2,17,18,16,19,15,21
England,2020-06-28,estimate,17,17,2,17,18,16,18,14,20
England,2020-06-29,estimate,16,16,2,16,17,15,17,13,19
England,2020-06-30,estimate,15,16,2,15,16,15,17,13,18
England,2020-07-01,estimate,15,15,2,14,15,14,16,12,17
England,2020-07-02,estimate,14,14,2,13,14,13,15,12,17
England,2020-07-03,estimate,14,14,1,13,14,13,14,11,16
England,2020-07-04,estimate,13,13,1,13,13,12,14,11,15
England,2020-07-05,estimate,13,13,1,12,13,12,13,10,15
England,2020-07-06,estimate,12,12,1,12,13,11,13,10,14
England,2020-07-07,estimate,12,12,1,11,12,11,13,9,14
England,2020-07-08,estimate,11,11,1,11,12,10,12,9,13
England,2020-07-09,estimate,11,11,1,11,11,10,12,9,13
England,2020-07-10,estimate,11,11,1,10,11,10,11,8,12
England,2020-07-11,estimate,10,10,1,10,10,9,11,8,12
England,2020-07-12,estimate,10,10,1,10,10,9,11,8,12
England,2020-07-13,estimate,10,10,1,9,10,9,11,8,12
England,2020-07-14,estimate,9,10,1,9,10,9,10,8,11
England,2020-07-15,estimate,9,9,1,9,10,8,10,7,11
England,2020-07-16,estimate,9,9,1,9,9,8,10,7,11
England,2020-07-17,estimate,9,9,1,9,9,8,9,7,11
England,2020-07-18,estimate,9,9,1,9,9,8,9,7,10
England,2020-07-19,estimate,9,9,1,8,9,8,9,7,10
England,2020-07-20,estimate,8,8,1,8,9,8,9,7,10
England,2020-07-21,estimate,8,8,1,8,8,8,9,7,10
England,2020-07-22,estimate,8,8,1,8,8,7,9,7,10
England,2020-07-23,estimate,8,8,1,8,8,7,9,6,10
England,2020-07-24,estimate,8,8,1,7,8,7,8,6,9
England,2020-07-25,estimate,8,8,1,8,8,7,8,6,9
England,2020-07-26,estimate,8,8,1,7,8,7,8,6,9
England,2020-07-27,estimate,8,8,1,7,8,7,8,6,9
England,2020-07-28,estimate,8,8,1,7,8,7,8,6,9
England,2020-07-29,estimate,7,7,1,7,8,7,8,6,9
England,2020-07-30,estimate,7,7,1,7,8,7,8,6,9
England,2020-07-31,estimate,7,7,1,7,7,7,8,6,9
England,2020-08-01,estimate,7,7,1,7,7,7,8,6,9
England,2020-08-02,estimate,7,7,1,7,7,6,8,6,9
England,2020-08-03,estimate,7,7,1,7,7,6,8,6,8
England,2020-08-04,estimate,7,7,1,7,7,6,7,5,8
England,2020-08-05,estimate,7,7,1,7,7,6,7,6,8
England,2020-08-06,estimate,7,7,1,7,7,6,7,5,8
England,2020-08-07,estimate,7,7,1,7,7,6,7,5,8
England,2020-08-08,estimate,7,7,1,7,7,6,7,5,8
England,2020-08-09,estimate,7,7,1,6,7,6,7,5,8
England,2020-08-10,estimate,7,7,1,6,7,6,7,5,8
England,2020-08-11,estimate,7,7,1,6,7,6,7,5,8
England,2020-08-12,estimate,7,7,1,6,7,6,7,5,8
England,2020-08-13,estimate,7,7,1,7,7,6,7,5,8
England,2020-08-14,estimate,7,7,1,7,7,6,7,6,8
England,2020-08-15,estimate,7,7,1,7,7,6,8,6,8
England,2020-08-16,estimate,7,7,1,7,7,6,8,6,9
England,2020-08-17,estimate,7,7,1,7,7,7,8,6,9
England,2020-08-18,estimate,7,7,1,7,8,7,8,6,9
England,2020-08-19,estimate,8,8,1,7,8,7,8,6,9
England,2020-08-20,estimate,8,8,1,7,8,7,8,6,9
England,2020-08-21,estimate,8,8,1,8,8,7,9,6,10
England,2020-08-22,estimate,9,9,1,8,9,8,9,7,10
England,2020-08-23,estimate,9,9,1,9,9,8,10,7,11
England,2020-08-24,estimate,9,9,1,9,10,9,10,8,11
England,2020-08-25,estimate,10,10,1,10,10,9,11,8,12
England,2020-08-26,estimate,11,11,1,10,11,10,11,8,13
England,2020-08-27,estimate,11,11,1,11,12,10,12,9,14
England,2020-08-28,estimate,12,12,1,12,12,11,13,10,15
England,2020-08-29,estimate,13,13,2,13,13,12,14,11,16
England,2020-08-30,estimate,14,14,2,14,14,13,15,12,17
England,2020-08-31,estimate,15,16,2,15,16,14,16,13,18
England,2020-09-01,estimate,17,17,2,16,17,15,18,14,20
England,2020-09-02,estimate,18,18,2,17,19,17,19,15,22
England,2020-09-03,estimate,20,20,2,19,21,18,21,16,24
England,2020-09-04,estimate based on partial data,22,22,2,21,22,20,24,18,26
England,2020-09-05,estimate based on partial data,24,24,3,24,25,22,26,20,29
England,2020-09-06,estimate based on partial data,27,27,3,26,27,25,28,22,32
England,2020-09-07,estimate based on partial data,29,29,3,28,30,27,31,24,35
England,2020-09-08,estimate based on partial data,32,32,4,31,33,30,35,27,38
England,2020-09-09,estimate based on partial data,36,36,4,34,36,32,38,29,43
England,2020-09-10,estimate based on partial data,39,40,5,37,39,36,42,31,47
England,2020-09-11,estimate based on partial data,43,44,6,41,44,39,47,34,53
England,2020-09-12,estimate based on partial data,48,48,8,46,50,42,53,36,61
England,2020-09-13,estimate based on partial data,53,54,10,50,55,45,58,38,70
England,2020-09-14,estimate based on partial data,59,60,13,55,61,48,64,39,79
England,2020-09-15,estimate based on partial data,65,66,16,60,68,53,74,39,91
England,2020-09-16,estimate based on partial data,72,74,21,65,74,57,83,40,106
England,2020-09-17,estimate based on partial data,79,83,27,69,80,61,94,43,126
England,2020-09-18,estimate based on partial data,87,93,35,73,88,62,102,38,142
England,2020-09-19,estimate based on partial data,96,105,46,75,93,64,113,36,165
England,2020-09-20,estimate based on partial data,107,119,60,83,104,65,124,37,195
England,2020-09-21,estimate based on partial data,118,135,81,91,117,73,144,36,232
England,2020-09-22,estimate based on partial data,131,155,116,81,112,65,150,39,280
England,2020-09-23,estimate based on partial data,146,179,181,87,123,71,172,32,325
London,2020-02-28,estimate,4,4,0,3,4,3,4,3,4
London,2020-02-29,estimate,10,10,1,10,10,9,11,8,12
London,2020-03-01,estimate,17,17,2,16,17,15,17,14,19
London,2020-03-02,estimate,24,24,2,23,25,22,26,20,28
London,2020-03-03,estimate,32,32,3,32,33,30,34,27,38
London,2020-03-04,estimate,44,45,4,43,45,41,47,38,52
London,2020-03-05,estimate,61,61,6,60,62,56,64,51,70
London,2020-03-06,estimate,74,75,8,72,75,69,79,61,86
London,2020-03-07,estimate,85,86,9,81,85,79,90,71,99
London,2020-03-08,estimate,95,96,10,92,97,89,102,81,112
London,2020-03-09,estimate,108,108,11,104,109,101,115,91,126
London,2020-03-10,estimate,121,121,12,112,118,112,128,101,139
London,2020-03-11,estimate,134,134,13,130,137,124,141,111,154
London,2020-03-12,estimate,144,145,15,140,148,134,154,121,169
London,2020-03-13,estimate,155,156,16,152,160,145,166,130,181
London,2020-03-14,estimate,165,166,17,160,169,154,177,139,193
London,2020-03-15,estimate,182,183,19,174,182,167,192,152,214
London,2020-03-16,estimate,191,192,19,187,196,177,201,158,222
London,2020-03-17,estimate,199,200,20,195,206,184,212,167,233
London,2020-03-18,estimate,208,208,22,199,209,191,220,172,242
London,2020-03-19,estimate,211,212,20,205,215,198,223,180,243
London,2020-03-20,estimate,216,218,22,214,224,198,225,182,251
London,2020-03-21,estimate,220,221,24,215,226,202,232,183,258
London,2020-03-22,estimate,220,222,24,216,228,199,231,184,262
London,2020-03-23,estimate,219,221,24,208,220,201,232,183,262
London,2020-03-24,estimate,215,217,23,205,216,200,231,178,254
London,2020-03-25,estimate,209,210,22,203,213,194,222,173,244
London,2020-03-26,estimate,201,202,20,193,203,188,214,169,235
London,2020-03-27,estimate,191,192,18,186,194,178,203,163,222
London,2020-03-28,estimate,180,181,17,175,183,169,191,154,208
London,2020-03-29,estimate,168,169,15,163,171,157,178,143,193
London,2020-03-30,estimate,156,156,14,148,155,147,166,133,179
London,2020-03-31,estimate,143,144,13,139,145,132,150,123,166
London,2020-04-01,estimate,131,131,12,129,134,122,138,112,153
London,2020-04-02,estimate,119,120,12,115,120,110,125,99,138
London,2020-04-03,estimate,108,109,11,104,110,101,115,91,127
London,2020-04-04,estimate,98,98,10,95,100,91,105,81,116
London,2020-04-05,estimate,89,89,10,88,93,83,96,73,106
London,2020-04-06,estimate,80,80,9,79,83,75,87,65,95
London,2020-04-07,estimate,73,73,9,71,75,68,79,58,86
London,2020-04-08,estimate,66,66,8,64,68,61,71,52,77
London,2020-04-09,estimate,60,60,7,56,60,55,64,47,71
London,2020-04-10,estimate,54,54,7,50,53,50,58,43,65
London,2020-04-11,estimate,49,49,6,48,51,45,53,39,59
London,2020-04-12,estimate,45,45,6,45,47,41,48,36,54
London,2020-04-13,estimate,41,42,5,41,43,38,45,33,49
London,2020-04-14,estimate,38,38,5,37,39,35,41,31,46
London,2020-04-15,estimate,35,35,4,35,37,32,38,28,42
London,2020-04-16,estimate,33,33,4,32,34,30,35,26,39
London,2020-04-17,estimate,30,30,4,29,31,28,33,25,37
London,2020-04-18,estimate,28,28,4,27,28,26,30,22,34
London,2020-04-19,estimate,26,27,3,25,27,24,29,21,32
London,2020-04-20,estimate,25,25,3,24,25,23,27,20,30
London,2020-04-21,estimate,23,23,3,22,24,21,24,18,28
London,2020-04-22,estimate,22,22,3,20,22,19,23,17,26
London,2020-04-23,estimate,20,20,3,20,21,18,21,16,25
London,2020-04-24,estimate,19,19,3,18,19,17,20,15,23
London,2020-04-25,estimate,18,18,2,16,17,16,19,14,22
London,2020-04-26,estimate,17,17,2,16,17,15,18,13,21
London,2020-04-27,estimate,16,16,2,15,16,14,17,13,19
London,2020-04-28,estimate,15,15,2,14,15,13,16,12,18
London,2020-04-29,estimate,14,14,2,13,14,12,15,11,17
London,2020-04-30,estimate,13,13,2,12,13,12,14,10,16
London,2020-05-01,estimate,12,12,2,12,12,11,13,9,15
London,2020-05-02,estimate,12,12,2,11,12,10,13,9,14
London,2020-05-03,estimate,11,11,2,10,11,10,12,8,13
London,2020-05-04,estimate,10,10,1,10,10,9,11,8,13
London,2020-05-05,estimate,10,10,1,9,10,9,10,7,12
London,2020-05-06,estimate,9,9,1,9,9,8,10,7,11
London,2020-05-07,estimate,8,9,1,8,8,8,9,6,11
London,2020-05-08,estimate,8,8,1,7,8,7,9,6,10
London,2020-05-09,estimate,8,8,1,7,8,7,8,6,9
London,2020-05-10,estimate,7,7,1,7,7,6,8,5,9
London,2020-05-11,estimate,7,7,1,6,7,6,7,5,9
London,2020-05-12,estimate,6,6,1,6,7,6,7,5,8
London,2020-05-13,estimate,6,6,1,6,6,5,6,5,8
London,2020-05-14,estimate,6,6,1,6,6,5,6,4,7
London,2020-05-15,estimate,5,5,1,5,6,5,6,4,7
London,2020-05-16,estimate,5,5,1,5,5,4,5,4,6
London,2020-05-17,estimate,5,5,1,5,5,4,5,3,6
London,2020-05-18,estimate,4,5,1,4,5,4,5,3,6
London,2020-05-19,estimate,4,4,1,4,4,4,5,3,5
London,2020-05-20,estimate,4,4,1,4,4,3,4,3,5
London,2020-05-21,estimate,4,4,1,3,4,3,4,3,5
London,2020-05-22,estimate,3,4,1,3,3,3,4,3,5
London,2020-05-23,estimate,3,3,1,3,3,3,4,2,4
London,2020-05-24,estimate,3,3,1,3,3,3,3,2,4
London,2020-05-25,estimate,3,3,1,3,3,3,3,2,4
London,2020-05-26,estimate,3,3,1,3,3,2,3,2,4
London,2020-05-27,estimate,3,3,1,2,3,2,3,2,3
London,2020-05-28,estimate,2,2,0,2,2,2,3,2,3
London,2020-05-29,estimate,2,2,0,2,2,2,3,2,3
London,2020-05-30,estimate,2,2,0,2,2,2,2,1,3
London,2020-05-31,estimate,2,2,0,2,2,2,2,1,3
London,2020-06-01,estimate,2,2,0,2,2,2,2,1,3
London,2020-06-02,estimate,2,2,0,2,2,2,2,1,3
London,2020-06-03,estimate,2,2,0,2,2,1,2,1,2
London,2020-06-04,estimate,2,2,0,2,2,1,2,1,2
London,2020-06-05,estimate,2,2,0,1,2,1,2,1,2
London,2020-06-06,estimate,2,2,0,1,2,1,2,1,2
London,2020-06-07,estimate,1,2,0,1,2,1,2,1,2
London,2020-06-08,estimate,1,1,0,1,1,1,2,1,2
London,2020-06-09,estimate,1,1,0,1,1,1,2,1,2
London,2020-06-10,estimate,1,1,0,1,1,1,2,1,2
London,2020-06-11,estimate,1,1,0,1,1,1,1,1,2
London,2020-06-12,estimate,1,1,0,1,1,1,1,1,2
London,2020-06-13,estimate,1,1,0,1,1,1,1,1,2
London,2020-06-14,estimate,1,1,0,1,1,1,1,1,2
London,2020-06-15,estimate,1,1,0,1,1,1,1,1,2
London,2020-06-16,estimate,1,1,0,1,1,1,1,1,2
London,2020-06-17,estimate,1,1,0,1,1,1,1,1,2
London,2020-06-18,estimate,1,1,0,1,1,1,1,1,2
London,2020-06-19,estimate,1,1,0,1,1,1,1,1,2
London,2020-06-20,estimate,1,1,0,1,1,1,1,1,2
London,2020-06-21,estimate,1,1,0,1,1,1,1,1,1
London,2020-06-22,estimate,1,1,0,1,1,1,1,1,1
London,2020-06-23,estimate,1,1,0,1,1,1,1,1,1
London,2020-06-24,estimate,1,1,0,1,1,1,1,1,1
London,2020-06-25,estimate,1,1,0,1,1,1,1,1,1
London,2020-06-26,estimate,1,1,0,1,1,1,1,1,1
London,2020-06-27,estimate,1,1,0,1,1,1,1,0,1
London,2020-06-28,estimate,1,1,0,1,1,1,1,0,1
London,2020-06-29,estimate,1,1,0,1,1,1,1,0,1
London,2020-06-30,estimate,1,1,0,1,1,1,1,0,1
London,2020-07-01,estimate,1,1,0,1,1,1,1,0,1
London,2020-07-02,estimate,1,1,0,1,1,1,1,0,1
London,2020-07-03,estimate,1,1,0,1,1,1,1,0,1
London,2020-07-04,estimate,1,1,0,0,1,0,1,0,1
London,2020-07-05,estimate,1,1,0,1,1,0,1,0,1
London,2020-07-06,estimate,1,1,0,0,1,0,1,0,1
London,2020-07-07,estimate,1,1,0,0,1,0,1,0,1
London,2020-07-08,estimate,1,1,0,0,0,0,1,0,1
London,2020-07-09,estimate,1,1,0,0,0,0,1,0,1
London,2020-07-10,estimate,1,1,0,0,0,0,1,0,1
London,2020-07-11,estimate,1,1,0,0,0,0,1,0,1
London,2020-07-12,estimate,0,1,0,0,1,0,1,0,1
London,2020-07-13,estimate,0,0,0,0,0,0,1,0,1
London,2020-07-14,estimate,0,0,0,0,0,0,1,0,1
London,2020-07-15,estimate,0,0,0,0,0,0,1,0,1
London,2020-07-16,estimate,0,0,0,0,0,0,1,0,1
London,2020-07-17,estimate,0,0,0,0,0,0,1,0,1
London,2020-07-18,estimate,0,0,0,0,0,0,1,0,1
London,2020-07-19,estimate,0,0,0,0,0,0,1,0,1
London,2020-07-20,estimate,0,0,0,0,0,0,0,0,1
London,2020-07-21,estimate,0,0,0,0,0,0,0,0,1
London,2020-07-22,estimate,0,0,0,0,0,0,0,0,1
London,2020-07-23,estimate,0,0,0,0,0,0,0,0,1
London,2020-07-24,estimate,0,0,0,0,0,0,0,0,1
London,2020-07-25,estimate,0,0,0,0,0,0,0,0,1
London,2020-07-26,estimate,0,0,0,0,0,0,0,0,1
London,2020-07-27,estimate,0,0,0,0,0,0,0,0,1
London,2020-07-28,estimate,0,0,0,0,0,0,0,0,1
London,2020-07-29,estimate,0,0,0,0,0,0,0,0,1
London,2020-07-30,estimate,0,0,0,0,0,0,0,0,1
London,2020-07-31,estimate,0,0,0,0,0,0,0,0,1
London,2020-08-01,estimate,0,0,0,0,0,0,0,0,1
London,2020-08-02,estimate,0,0,0,0,0,0,0,0,1
London,2020-08-03,estimate,0,0,0,0,0,0,0,0,1
London,2020-08-04,estimate,0,0,0,0,0,0,0,0,1
London,2020-08-05,estimate,0,0,0,0,0,0,0,0,1
London,2020-08-06,estimate,0,0,0,0,0,0,0,0,1
London,2020-08-07,estimate,0,0,0,0,0,0,0,0,1
London,2020-08-08,estimate,0,0,0,0,0,0,0,0,1
London,2020-08-09,estimate,0,0,0,0,0,0,0,0,1
London,2020-08-10,estimate,0,0,0,0,0,0,0,0,1
London,2020-08-11,estimate,0,0,0,0,0,0,0,0,1
London,2020-08-12,estimate,0,0,0,0,0,0,0,0,1
London,2020-08-13,estimate,0,0,0,0,0,0,0,0,1
London,2020-08-14,estimate,0,0,0,0,0,0,0,0,1
London,2020-08-15,estimate,0,0,0,0,0,0,0,0,1
London,2020-08-16,estimate,0,0,0,0,0,0,0,0,1
London,2020-08-17,estimate,0,0,0,0,0,0,0,0,1
London,2020-08-18,estimate,0,0,0,0,1,0,1,0,1
London,2020-08-19,estimate,0,0,0,0,0,0,1,0,1
London,2020-08-20,estimate,0,1,0,0,1,0,1,0,1
London,2020-08-21,estimate,1,1,0,0,1,0,1,0,1
London,2020-08-22,estimate,1,1,0,0,1,0,1,0,1
London,2020-08-23,estimate,1,1,0,1,1,0,1,0,1
London,2020-08-24,estimate,1,1,0,1,1,0,1,0,1
London,2020-08-25,estimate,1,1,0,1,1,1,1,0,1
London,2020-08-26,estimate,1,1,0,1,1,1,1,0,1
London,2020-08-27,estimate,1,1,0,1,1,1,1,0,1
London,2020-08-28,estimate,1,1,0,1,1,1,1,0,1
London,2020-08-29,estimate,1,1,0,1,1,1,1,1,2
London,2020-08-30,estimate,1,1,0,1,1,1,1,1,2
London,2020-08-31,estimate,1,1,0,1,1,1,1,1,2
London,2020-09-01,estimate,1,1,0,1,1,1,2,1,2
London,2020-09-02,estimate,2,2,0,2,2,1,2,1,2
London,2020-09-03,estimate,2,2,0,2,2,1,2,1,3
London,2020-09-04,estimate based on partial data,2,2,1,2,2,2,2,1,3
London,2020-09-05,estimate based on partial data,2,2,1,2,2,2,3,2,3
London,2020-09-06,estimate based on partial data,3,3,1,2,3,2,3,2,4
London,2020-09-07,estimate based on partial data,3,3,1,3,3,3,4,2,4
London,2020-09-08,estimate based on partial data,4,4,1,3,3,3,4,2,5
London,2020-09-09,estimate based on partial data,4,4,1,4,4,3,5,3,6
London,2020-09-10,estimate based on partial data,5,5,1,4,5,4,5,3,7
London,2020-09-11,estimate based on partial data,6,6,2,5,6,5,7,3,8
London,2020-09-12,estimate based on partial data,6,7,2,6,6,5,7,4,10
London,2020-09-13,estimate based on partial data,8,8,3,6,8,6,9,4,12
London,2020-09-14,estimate based on partial data,9,9,3,7,9,6,11,4,14
London,2020-09-15,estimate based on partial data,10,11,5,8,10,7,12,4,18
London,2020-09-16,estimate based on partial data,12,13,6,10,12,6,13,3,22
London,2020-09-17,estimate based on partial data,14,15,9,10,13,6,15,4,28
London,2020-09-18,estimate based on partial data,16,19,13,10,14,6,18,3,35
London,2020-09-19,estimate based on partial data,18,23,19,9,14,6,21,3,44
London,2020-09-20,estimate based on partial data,21,28,30,9,15,5,23,2,55
London,2020-09-21,estimate based on partial data,24,36,53,9,16,5,26,1,71
London,2020-09-22,estimate based on partial data,28,47,108,8,17,4,29,1,91
London,2020-09-23,estimate based on partial data,33,64,252,9,20,4,34,1,120
Midlands,2020-02-28,estimate,2,2,0,2,2,2,2,1,2
Midlands,2020-02-29,estimate,5,5,1,5,5,5,5,4,6
Midlands,2020-03-01,estimate,7,7,1,7,8,7,8,6,9
Midlands,2020-03-02,estimate,12,12,1,12,12,12,13,10,15
Midlands,2020-03-03,estimate,18,18,2,17,18,16,19,15,21
Midlands,2020-03-04,estimate,23,23,2,22,24,22,25,20,27
Midlands,2020-03-05,estimate,30,31,3,30,31,28,32,26,35
Midlands,2020-03-06,estimate,38,38,4,38,39,35,40,32,45
Midlands,2020-03-07,estimate,45,45,4,43,46,42,48,38,52
Midlands,2020-03-08,estimate,56,56,6,54,57,52,59,46,65
Midlands,2020-03-09,estimate,64,64,6,62,65,60,69,54,75
Midlands,2020-03-10,estimate,72,73,7,69,73,68,77,61,85
Midlands,2020-03-11,estimate,84,85,8,82,86,78,89,71,98
Midlands,2020-03-12,estimate,98,99,10,95,99,90,103,84,115
Midlands,2020-03-13,estimate,111,112,11,105,110,103,117,94,129
Midlands,2020-03-14,estimate,121,122,12,120,126,112,127,101,140
Midlands,2020-03-15,estimate,131,132,13,128,134,124,141,111,151
Midlands,2020-03-16,estimate,144,145,14,142,149,135,154,122,167
Midlands,2020-03-17,estimate,156,156,16,149,157,144,165,130,181
Midlands,2020-03-18,estimate,160,161,16,153,161,150,171,135,186
Midlands,2020-03-19,estimate,156,157,11,152,157,148,162,140,174
Midlands,2020-03-20,estimate,162,163,12,157,163,153,168,144,183
Midlands,2020-03-21,estimate,167,168,14,161,167,156,173,144,189
Midlands,2020-03-22,estimate,171,172,15,167,174,159,178,147,195
Midlands,2020-03-23,estimate,174,175,16,166,174,161,181,150,200
Midlands,2020-03-24,estimate,176,178,16,169,177,165,185,151,202
Midlands,2020-03-25,estimate,178,179,16,170,178,167,187,152,203
Midlands,2020-03-26,estimate,178,179,16,172,180,167,187,153,204
Midlands,2020-03-27,estimate,177,178,15,171,178,166,185,152,202
Midlands,2020-03-28,estimate,175,176,15,169,176,164,182,150,198
Midlands,2020-03-29,estimate,172,173,14,168,175,163,181,152,198
Midlands,2020-03-30,estimate,169,170,14,164,170,159,176,147,191
Midlands,2020-03-31,estimate,164,165,13,159,165,155,172,144,186
Midlands,2020-04-01,estimate,160,160,12,153,159,152,167,140,181
Midlands,2020-04-02,estimate,154,155,12,150,156,147,162,136,175
Midlands,2020-04-03,estimate,149,149,12,143,149,141,156,131,169
Midlands,2020-04-04,estimate,143,143,11,139,144,134,149,124,160
Midlands,2020-04-05,estimate,137,137,11,135,140,128,143,118,154
Midlands,2020-04-06,estimate,131,131,11,130,135,124,138,113,149
Midlands,2020-04-07,estimate,125,125,11,124,129,118,132,108,143
Midlands,2020-04-08,estimate,120,120,10,116,121,113,127,103,137
Midlands,2020-04-09,estimate,114,114,10,112,117,108,121,97,130
Midlands,2020-04-10,estimate,109,109,10,106,111,104,117,94,126
Midlands,2020-04-11,estimate,104,104,9,102,106,98,110,88,119
Midlands,2020-04-12,estimate,100,100,9,98,102,94,106,85,115
Midlands,2020-04-13,estimate,95,96,9,93,97,89,101,82,111
Midlands,2020-04-14,estimate,91,92,8,90,94,85,96,79,106
Midlands,2020-04-15,estimate,88,88,8,86,90,82,92,75,101
Midlands,2020-04-16,estimate,84,84,8,82,85,78,88,72,97
Midlands,2020-04-17,estimate,81,81,7,77,81,76,86,69,93
Midlands,2020-04-18,estimate,78,78,7,76,79,72,82,67,90
Midlands,2020-04-19,estimate,75,75,7,73,76,70,79,66,88
Midlands,2020-04-20,estimate,73,73,7,70,73,68,77,63,84
Midlands,2020-04-21,estimate,70,70,6,70,73,66,74,61,81
Midlands,2020-04-22,estimate,68,68,6,66,69,63,71,58,78
Midlands,2020-04-23,estimate,66,66,6,64,66,62,69,56,76
Midlands,2020-04-24,estimate,63,64,6,62,65,60,67,54,73
Midlands,2020-04-25,estimate,61,61,6,61,63,57,64,52,70
Midlands,2020-04-26,estimate,59,59,6,58,60,56,63,50,68
Midlands,2020-04-27,estimate,57,57,5,55,58,54,61,48,66
Midlands,2020-04-28,estimate,55,55,5,54,56,52,59,47,64
Midlands,2020-04-29,estimate,53,53,5,51,53,50,56,46,62
Midlands,2020-04-30,estimate,51,52,5,49,51,48,54,43,59
Midlands,2020-05-01,estimate,49,50,5,48,50,46,52,42,56
Midlands,2020-05-02,estimate,48,48,4,47,49,44,50,41,55
Midlands,2020-05-03,estimate,46,46,4,44,46,43,49,39,53
Midlands,2020-05-04,estimate,44,44,4,43,45,42,47,37,51
Midlands,2020-05-05,estimate,42,42,4,42,44,40,45,35,48
Midlands,2020-05-06,estimate,41,41,4,41,42,38,43,34,46
Midlands,2020-05-07,estimate,39,39,4,38,40,37,41,33,45
Midlands,2020-05-08,estimate,38,38,4,37,39,35,40,32,43
Midlands,2020-05-09,estimate,36,36,3,35,37,34,38,31,42
Midlands,2020-05-10,estimate,35,35,3,34,36,32,36,29,40
Midlands,2020-05-11,estimate,33,33,3,32,34,31,35,28,39
Midlands,2020-05-12,estimate,32,32,3,31,32,30,34,27,37
Midlands,2020-05-13,estimate,31,31,3,30,31,29,33,26,36
Midlands,2020-05-14,estimate,30,30,3,28,30,28,32,25,34
Midlands,2020-05-15,estimate,29,29,3,27,29,27,31,24,33
Midlands,2020-05-16,estimate,27,28,3,27,28,26,29,23,32
Midlands,2020-05-17,estimate,27,27,3,26,27,25,28,22,31
Midlands,2020-05-18,estimate,26,26,3,25,26,24,27,21,30
Midlands,2020-05-19,estimate,25,25,3,24,25,23,26,21,29
Midlands,2020-05-20,estimate,24,24,2,23,24,22,25,20,28
Midlands,2020-05-21,estimate,23,23,2,22,24,21,25,19,27
Midlands,2020-05-22,estimate,22,22,2,22,23,21,24,19,26
Midlands,2020-05-23,estimate,22,22,2,21,22,20,23,18,25
Midlands,2020-05-24,estimate,21,21,2,20,21,19,22,18,24
Midlands,2020-05-25,estimate,20,20,2,19,20,19,21,17,23
Midlands,2020-05-26,estimate,19,20,2,18,19,18,21,16,23
Midlands,2020-05-27,estimate,19,19,2,17,18,17,20,16,22
Midlands,2020-05-28,estimate,18,18,2,17,18,17,19,15,21
Midlands,2020-05-29,estimate,17,18,2,17,18,16,18,15,21
Midlands,2020-05-30,estimate,17,17,2,17,17,16,18,14,20
Midlands,2020-05-31,estimate,16,16,2,16,17,15,17,13,19
Midlands,2020-06-01,estimate,16,16,2,15,16,14,16,13,19
Midlands,2020-06-02,estimate,15,15,2,14,15,14,16,12,18
Midlands,2020-06-03,estimate,14,14,2,14,14,13,15,12,17
Midlands,2020-06-04,estimate,14,14,2,13,14,12,14,11,16
Midlands,2020-06-05,estimate,13,13,1,12,13,12,14,11,15
Midlands,2020-06-06,estimate,12,13,1,12,12,11,13,10,15
Midlands,2020-06-07,estimate,12,12,1,11,12,11,12,10,14
Midlands,2020-06-08,estimate,11,11,1,11,11,10,12,9,13
Midlands,2020-06-09,estimate,11,11,1,10,11,10,11,9,13
Midlands,2020-06-10,estimate,10,10,1,10,10,9,11,8,12
Midlands,2020-06-11,estimate,9,10,1,9,10,8,10,8,11
Midlands,2020-06-12,estimate,9,9,1,8,9,8,10,7,11
Midlands,2020-06-13,estimate,8,8,1,8,8,8,9,7,10
Midlands,2020-06-14,estimate,8,8,1,7,8,7,8,6,10
Midlands,2020-06-15,estimate,7,7,1,7,7,7,8,6,9
Midlands,2020-06-16,estimate,7,7,1,6,7,6,7,6,9
Midlands,2020-06-17,estimate,7,7,1,6,6,6,7,5,8
Midlands,2020-06-18,estimate,6,6,1,6,6,5,7,5,8
Midlands,2020-06-19,estimate,6,6,1,6,6,5,6,5,7
Midlands,2020-06-20,estimate,5,5,1,5,6,5,6,4,7
Midlands,2020-06-21,estimate,5,5,1,5,5,5,5,4,6
Midlands,2020-06-22,estimate,5,5,1,5,5,4,5,4,6
Midlands,2020-06-23,estimate,4,5,1,4,5,4,5,3,5
Midlands,2020-06-24,estimate,4,4,1,4,4,4,4,3,5
Midlands,2020-06-25,estimate,4,4,1,4,4,3,4,3,5
Midlands,2020-06-26,estimate,4,4,1,4,4,3,4,3,5
Midlands,2020-06-27,estimate,4,4,1,3,4,3,4,3,4
Midlands,2020-06-28,estimate,3,3,1,3,4,3,4,3,4
Midlands,2020-06-29,estimate,3,3,0,3,3,3,3,2,4
Midlands,2020-06-30,estimate,3,3,0,3,3,3,3,2,4
Midlands,2020-07-01,estimate,3,3,0,3,3,3,3,2,4
Midlands,2020-07-02,estimate,3,3,0,3,3,2,3,2,3
Midlands,2020-07-03,estimate,3,3,0,3,3,2,3,2,3
Midlands,2020-07-04,estimate,2,3,0,2,3,2,3,2,3
Midlands,2020-07-05,estimate,2,2,0,2,2,2,3,2,3
Midlands,2020-07-06,estimate,2,2,0,2,2,2,2,2,3
Midlands,2020-07-07,estimate,2,2,0,2,2,2,2,2,3
Midlands,2020-07-08,estimate,2,2,0,2,2,2,2,2,3
Midlands,2020-07-09,estimate,2,2,0,2,2,2,2,1,3
Midlands,2020-07-10,estimate,2,2,0,2,2,2,2,1,3
Midlands,2020-07-11,estimate,2,2,0,2,2,2,2,1,2
Midlands,2020-07-12,estimate,2,2,0,2,2,2,2,1,2
Midlands,2020-07-13,estimate,2,2,0,2,2,1,2,1,2
Midlands,2020-07-14,estimate,2,2,0,2,2,1,2,1,2
Midlands,2020-07-15,estimate,2,2,0,1,2,1,2,1,2
Midlands,2020-07-16,estimate,2,2,0,1,2,1,2,1,2
Midlands,2020-07-17,estimate,1,1,0,1,2,1,2,1,2
Midlands,2020-07-18,estimate,1,1,0,1,1,1,2,1,2
Midlands,2020-07-19,estimate,1,1,0,1,1,1,1,1,2
Midlands,2020-07-20,estimate,1,1,0,1,1,1,1,1,2
Midlands,2020-07-21,estimate,1,1,0,1,1,1,1,1,2
Midlands,2020-07-22,estimate,1,1,0,1,1,1,1,1,2
Midlands,2020-07-23,estimate,1,1,0,1,1,1,1,1,2
Midlands,2020-07-24,estimate,1,1,0,1,1,1,1,1,2
Midlands,2020-07-25,estimate,1,1,0,1,1,1,1,1,2
Midlands,2020-07-26,estimate,1,1,0,1,1,1,1,1,1
Midlands,2020-07-27,estimate,1,1,0,1,1,1,1,1,1
Midlands,2020-07-28,estimate,1,1,0,1,1,1,1,1,1
Midlands,2020-07-29,estimate,1,1,0,1,1,1,1,1,1
Midlands,2020-07-30,estimate,1,1,0,1,1,1,1,1,1
Midlands,2020-07-31,estimate,1,1,0,1,1,1,1,1,1
Midlands,2020-08-01,estimate,1,1,0,1,1,1,1,1,1
Midlands,2020-08-02,estimate,1,1,0,1,1,1,1,1,1
Midlands,2020-08-03,estimate,1,1,0,1,1,1,1,1,1
Midlands,2020-08-04,estimate,1,1,0,1,1,1,1,1,1
Midlands,2020-08-05,estimate,1,1,0,1,1,1,1,1,1
Midlands,2020-08-06,estimate,1,1,0,1,1,1,1,1,1
Midlands,2020-08-07,estimate,1,1,0,1,1,1,1,1,1
Midlands,2020-08-08,estimate,1,1,0,1,1,1,1,1,1
Midlands,2020-08-09,estimate,1,1,0,1,1,1,1,1,1
Midlands,2020-08-10,estimate,1,1,0,1,1,1,1,1,1
Midlands,2020-08-11,estimate,1,1,0,1,1,1,1,1,1
Midlands,2020-08-12,estimate,1,1,0,1,1,1,1,1,1
Midlands,2020-08-13,estimate,1,1,0,1,1,1,1,1,2
Midlands,2020-08-14,estimate,1,1,0,1,1,1,1,1,2
Midlands,2020-08-15,estimate,1,1,0,1,1,1,1,1,2
Midlands,2020-08-16,estimate,1,1,0,1,1,1,1,1,2
Midlands,2020-08-17,estimate,1,1,0,1,1,1,1,1,2
Midlands,2020-08-18,estimate,1,1,0,1,1,1,2,1,2
Midlands,2020-08-19,estimate,1,1,0,1,1,1,2,1,2
Midlands,2020-08-20,estimate,1,1,0,1,1,1,2,1,2
Midlands,2020-08-21,estimate,2,2,0,1,2,1,2,1,2
Midlands,2020-08-22,estimate,2,2,0,1,2,1,2,1,2
Midlands,2020-08-23,estimate,2,2,0,2,2,1,2,1,2
Midlands,2020-08-24,estimate,2,2,0,2,2,2,2,1,2
Midlands,2020-08-25,estimate,2,2,0,2,2,2,2,1,3
Midlands,2020-08-26,estimate,2,2,0,2,2,2,2,1,3
Midlands,2020-08-27,estimate,2,2,0,2,2,2,3,2,3
Midlands,2020-08-28,estimate,2,2,0,2,3,2,3,2,3
Midlands,2020-08-29,estimate,3,3,1,2,3,2,3,2,3
Midlands,2020-08-30,estimate,3,3,1,3,3,3,3,2,4
Midlands,2020-08-31,estimate,3,3,1,3,3,3,3,2,4
Midlands,2020-09-01,estimate,3,3,1,3,3,3,4,2,4
Midlands,2020-09-02,estimate,4,4,1,3,4,3,4,3,5
Midlands,2020-09-03,estimate,4,4,1,4,4,4,4,3,5
Midlands,2020-09-04,estimate based on partial data,5,5,1,4,5,4,5,3,6
Midlands,2020-09-05,estimate based on partial data,5,5,1,5,5,4,5,4,6
Midlands,2020-09-06,estimate based on partial data,6,6,1,5,6,5,6,4,7
Midlands,2020-09-07,estimate based on partial data,6,6,1,6,6,5,7,4,8
Midlands,2020-09-08,estimate based on partial data,7,7,1,6,7,6,7,5,9
Midlands,2020-09-09,estimate based on partial data,8,8,1,7,8,7,8,5,10
Midlands,2020-09-10,estimate based on partial data,8,9,2,8,9,7,9,6,11
Midlands,2020-09-11,estimate based on partial data,9,10,2,9,10,8,11,6,13
Midlands,2020-09-12,estimate based on partial data,11,11,3,9,11,9,12,6,15
Midlands,2020-09-13,estimate based on partial data,12,12,3,10,12,9,14,7,17
Midlands,2020-09-14,estimate based on partial data,13,14,4,12,14,10,15,7,20
Midlands,2020-09-15,estimate based on partial data,15,16,6,11,14,10,17,7,24
Midlands,2020-09-16,estimate based on partial data,17,18,7,14,17,11,20,7,28
Midlands,2020-09-17,estimate based on partial data,19,20,9,15,19,11,21,8,34
Midlands,2020-09-18,estimate based on partial data,21,23,12,15,19,11,24,7,40
Midlands,2020-09-19,estimate based on partial data,23,27,17,14,20,12,26,6,47
Midlands,2020-09-20,estimate based on partial data,26,31,22,14,20,12,30,6,57
Midlands,2020-09-21,estimate based on partial data,29,37,30,14,22,12,33,5,68
Midlands,2020-09-22,estimate based on partial data,32,43,42,16,24,11,35,4,82
Midlands,2020-09-23,estimate based on partial data,36,52,59,15,25,10,39,4,101
North East and Yorkshire,2020-02-28,estimate,0,0,0,0,0,0,0,0,0
North East and Yorkshire,2020-02-29,estimate,1,1,0,1,1,1,1,1,1
North East and Yorkshire,2020-03-01,estimate,2,2,0,2,2,2,2,1,2
North East and Yorkshire,2020-03-02,estimate,3,3,0,3,3,3,3,2,3
North East and Yorkshire,2020-03-03,estimate,4,4,0,4,4,4,4,4,5
North East and Yorkshire,2020-03-04,estimate,5,5,1,5,6,5,6,5,6
North East and Yorkshire,2020-03-05,estimate,7,7,1,7,7,7,8,6,9
North East and Yorkshire,2020-03-06,estimate,10,10,1,10,10,9,11,8,12
North East and Yorkshire,2020-03-07,estimate,14,14,1,13,14,13,15,11,16
North East and Yorkshire,2020-03-08,estimate,17,17,2,16,17,16,18,15,20
North East and Yorkshire,2020-03-09,estimate,21,21,2,21,22,20,23,18,25
North East and Yorkshire,2020-03-10,estimate,29,29,3,27,29,27,30,24,33
North East and Yorkshire,2020-03-11,estimate,36,36,4,33,35,33,38,30,41
North East and Yorkshire,2020-03-12,estimate,44,44,5,42,44,40,46,37,52
North East and Yorkshire,2020-03-13,estimate,51,51,5,50,53,47,54,43,60
North East and Yorkshire,2020-03-14,estimate,60,60,6,58,61,56,63,51,70
North East and Yorkshire,2020-03-15,estimate,72,72,7,69,73,66,76,61,84
North East and Yorkshire,2020-03-16,estimate,81,81,8,78,82,75,85,67,93
North East and Yorkshire,2020-03-17,estimate,87,87,9,84,88,81,92,72,101
North East and Yorkshire,2020-03-18,estimate,93,94,9,89,93,87,99,79,109
North East and Yorkshire,2020-03-19,estimate,88,89,6,87,90,84,91,79,98
North East and Yorkshire,2020-03-20,estimate,93,94,7,91,94,89,97,83,105
North East and Yorkshire,2020-03-21,estimate,98,98,8,96,99,92,102,86,111
North East and Yorkshire,2020-03-22,estimate,103,103,9,100,104,96,106,90,117
North East and Yorkshire,2020-03-23,estimate,107,107,9,105,109,100,112,91,121
North East and Yorkshire,2020-03-24,estimate,111,111,10,111,116,104,117,96,128
North East and Yorkshire,2020-03-25,estimate,115,115,10,113,118,108,121,98,131
North East and Yorkshire,2020-03-26,estimate,118,118,10,117,122,109,123,101,135
North East and Yorkshire,2020-03-27,estimate,120,121,11,118,123,111,125,104,138
North East and Yorkshire,2020-03-28,estimate,122,123,11,119,124,114,128,106,141
North East and Yorkshire,2020-03-29,estimate,124,124,11,120,125,115,129,106,141
North East and Yorkshire,2020-03-30,estimate,124,125,11,121,126,118,132,108,143
North East and Yorkshire,2020-03-31,estimate,125,125,10,119,124,117,131,108,142
North East and Yorkshire,2020-04-01,estimate,124,125,10,120,125,117,130,108,142
North East and Yorkshire,2020-04-02,estimate,124,124,10,122,127,116,130,106,140
North East and Yorkshire,2020-04-03,estimate,122,123,10,121,126,116,129,107,140
North East and Yorkshire,2020-04-04,estimate,120,121,10,117,122,113,126,104,136
North East and Yorkshire,2020-04-05,estimate,118,119,10,114,119,112,125,103,136
North East and Yorkshire,2020-04-06,estimate,116,116,10,114,118,109,122,100,132
North East and Yorkshire,2020-04-07,estimate,113,113,10,111,115,106,118,98,129
North East and Yorkshire,2020-04-08,estimate,110,110,9,108,112,103,115,96,126
North East and Yorkshire,2020-04-09,estimate,107,107,9,105,109,101,113,93,123
North East and Yorkshire,2020-04-10,estimate,104,104,9,103,107,98,109,91,120
North East and Yorkshire,2020-04-11,estimate,101,101,9,98,102,95,106,87,116
North East and Yorkshire,2020-04-12,estimate,98,98,9,95,99,93,104,85,113
North East and Yorkshire,2020-04-13,estimate,95,95,8,92,96,90,101,82,109
North East and Yorkshire,2020-04-14,estimate,92,92,8,90,94,86,96,79,105
North East and Yorkshire,2020-04-15,estimate,89,89,8,86,90,83,94,76,102
North East and Yorkshire,2020-04-16,estimate,86,86,8,85,89,81,91,74,100
North East and Yorkshire,2020-04-17,estimate,83,84,8,82,85,79,88,71,96
North East and Yorkshire,2020-04-18,estimate,81,81,7,78,82,76,85,69,93
North East and Yorkshire,2020-04-19,estimate,78,78,7,76,79,73,83,66,90
North East and Yorkshire,2020-04-20,estimate,76,76,7,74,78,70,80,65,88
North East and Yorkshire,2020-04-21,estimate,74,74,7,71,75,69,78,63,85
North East and Yorkshire,2020-04-22,estimate,71,71,7,70,73,66,75,61,83
North East and Yorkshire,2020-04-23,estimate,69,69,6,68,71,64,73,59,80
North East and Yorkshire,2020-04-24,estimate,67,67,6,65,68,62,70,57,78
North East and Yorkshire,2020-04-25,estimate,65,65,6,64,66,61,68,55,75
North East and Yorkshire,2020-04-26,estimate,62,63,6,61,64,58,66,53,72
North East and Yorkshire,2020-04-27,estimate,60,61,6,58,61,56,63,52,70
North East and Yorkshire,2020-04-28,estimate,58,59,5,57,60,55,62,50,68
North East and Yorkshire,2020-04-29,estimate,56,57,5,55,57,53,59,48,65
North East and Yorkshire,2020-04-30,estimate,54,55,5,52,55,50,57,47,63
North East and Yorkshire,2020-05-01,estimate,53,53,5,51,53,49,56,45,61
North East and Yorkshire,2020-05-02,estimate,51,51,5,49,51,47,54,43,59
North East and Yorkshire,2020-05-03,estimate,49,49,5,47,49,46,52,41,56
North East and Yorkshire,2020-05-04,estimate,47,47,4,46,48,44,49,40,54
North East and Yorkshire,2020-05-05,estimate,45,45,4,44,46,42,48,38,52
North East and Yorkshire,2020-05-06,estimate,43,43,4,42,44,40,45,36,50
North East and Yorkshire,2020-05-07,estimate,41,42,4,41,43,38,43,35,48
North East and Yorkshire,2020-05-08,estimate,40,40,4,39,41,37,42,34,46
North East and Yorkshire,2020-05-09,estimate,38,38,4,37,39,35,40,32,44
North East and Yorkshire,2020-05-10,estimate,36,36,3,35,37,33,38,31,42
North East and Yorkshire,2020-05-11,estimate,34,34,3,34,35,32,36,29,40
North East and Yorkshire,2020-05-12,estimate,33,33,3,32,34,30,35,28,38
North East and Yorkshire,2020-05-13,estimate,31,31,3,30,32,29,33,26,36
North East and Yorkshire,2020-05-14,estimate,30,30,3,28,30,27,31,25,34
North East and Yorkshire,2020-05-15,estimate,28,28,3,28,29,26,29,24,33
North East and Yorkshire,2020-05-16,estimate,27,27,3,26,27,25,28,22,31
North East and Yorkshire,2020-05-17,estimate,25,25,3,25,26,23,27,21,29
North East and Yorkshire,2020-05-18,estimate,24,24,2,24,25,22,25,20,28
North East and Yorkshire,2020-05-19,estimate,22,23,2,22,23,21,24,19,26
North East and Yorkshire,2020-05-20,estimate,21,21,2,20,21,20,22,18,25
North East and Yorkshire,2020-05-21,estimate,20,20,2,19,20,19,21,17,23
North East and Yorkshire,2020-05-22,estimate,19,19,2,18,19,18,20,16,22
North East and Yorkshire,2020-05-23,estimate,18,18,2,17,18,16,19,15,21
North East and Yorkshire,2020-05-24,estimate,17,17,2,16,17,15,18,14,20
North East and Yorkshire,2020-05-25,estimate,16,16,2,15,16,15,17,13,19
North East and Yorkshire,2020-05-26,estimate,15,15,2,14,15,14,16,12,18
North East and Yorkshire,2020-05-27,estimate,14,14,2,13,14,13,15,11,17
North East and Yorkshire,2020-05-28,estimate,13,13,1,12,13,12,14,11,16
North East and Yorkshire,2020-05-29,estimate,12,12,1,12,12,11,13,10,15
North East and Yorkshire,2020-05-30,estimate,12,12,1,11,12,11,12,10,14
North East and Yorkshire,2020-05-31,estimate,11,11,1,11,11,10,12,9,13
North East and Yorkshire,2020-06-01,estimate,10,10,1,10,10,9,11,9,12
North East and Yorkshire,2020-06-02,estimate,10,10,1,9,10,9,10,8,12
North East and Yorkshire,2020-06-03,estimate,9,9,1,9,9,9,10,8,11
North East and Yorkshire,2020-06-04,estimate,9,9,1,8,9,8,9,7,10
North East and Yorkshire,2020-06-05,estimate,8,8,1,8,8,7,9,7,10
North East and Yorkshire,2020-06-06,estimate,8,8,1,7,8,7,8,6,9
North East and Yorkshire,2020-06-07,estimate,7,7,1,7,7,7,8,6,9
North East and Yorkshire,2020-06-08,estimate,7,7,1,6,7,6,7,5,8
North East and Yorkshire,2020-06-09,estimate,6,6,1,6,6,6,7,5,8
North East and Yorkshire,2020-06-10,estimate,6,6,1,6,6,6,7,5,7
North East and Yorkshire,2020-06-11,estimate,6,6,1,5,6,5,6,5,7
North East and Yorkshire,2020-06-12,estimate,5,5,1,5,5,5,6,4,7
North East and Yorkshire,2020-06-13,estimate,5,5,1,5,5,5,6,4,6
North East and Yorkshire,2020-06-14,estimate,5,5,1,5,5,4,5,4,6
North East and Yorkshire,2020-06-15,estimate,5,5,1,4,5,4,5,3,6
North East and Yorkshire,2020-06-16,estimate,4,4,1,4,4,4,5,3,5
North East and Yorkshire,2020-06-17,estimate,4,4,1,4,4,4,4,3,5
North East and Yorkshire,2020-06-18,estimate,4,4,1,4,4,3,4,3,5
North East and Yorkshire,2020-06-19,estimate,4,4,1,3,4,3,4,3,4
North East and Yorkshire,2020-06-20,estimate,3,3,1,3,3,3,4,3,4
North East and Yorkshire,2020-06-21,estimate,3,3,1,3,3,3,4,2,4
North East and Yorkshire,2020-06-22,estimate,3,3,0,3,3,3,3,2,4
North East and Yorkshire,2020-06-23,estimate,3,3,0,3,3,3,3,2,4
North East and Yorkshire,2020-06-24,estimate,3,3,0,3,3,2,3,2,4
North East and Yorkshire,2020-06-25,estimate,3,3,0,3,3,2,3,2,3
North East and Yorkshire,2020-06-26,estimate,3,3,0,2,3,2,3,2,3
North East and Yorkshire,2020-06-27,estimate,2,2,0,2,2,2,3,2,3
North East and Yorkshire,2020-06-28,estimate,2,2,0,2,2,2,2,2,3
North East and Yorkshire,2020-06-29,estimate,2,2,0,2,2,2,2,2,3
North East and Yorkshire,2020-06-30,estimate,2,2,0,2,2,2,2,2,3
North East and Yorkshire,2020-07-01,estimate,2,2,0,2,2,2,2,1,3
North East and Yorkshire,2020-07-02,estimate,2,2,0,2,2,2,2,1,2
North East and Yorkshire,2020-07-03,estimate,2,2,0,2,2,2,2,1,2
North East and Yorkshire,2020-07-04,estimate,2,2,0,2,2,2,2,1,2
North East and Yorkshire,2020-07-05,estimate,2,2,0,2,2,1,2,1,2
North East and Yorkshire,2020-07-06,estimate,2,2,0,2,2,1,2,1,2
North East and Yorkshire,2020-07-07,estimate,2,2,0,2,2,1,2,1,2
North East and Yorkshire,2020-07-08,estimate,2,2,0,2,2,1,2,1,2
North East and Yorkshire,2020-07-09,estimate,2,2,0,1,2,1,2,1,2
North East and Yorkshire,2020-07-10,estimate,1,2,0,1,2,1,2,1,2
North East and Yorkshire,2020-07-11,estimate,1,1,0,1,2,1,2,1,2
North East and Yorkshire,2020-07-12,estimate,1,1,0,1,1,1,2,1,2
North East and Yorkshire,2020-07-13,estimate,1,1,0,1,1,1,2,1,2
North East and Yorkshire,2020-07-14,estimate,1,1,0,1,1,1,1,1,2
North East and Yorkshire,2020-07-15,estimate,1,1,0,1,1,1,1,1,2
North East and Yorkshire,2020-07-16,estimate,1,1,0,1,1,1,1,1,2
North East and Yorkshire,2020-07-17,estimate,1,1,0,1,1,1,1,1,2
North East and Yorkshire,2020-07-18,estimate,1,1,0,1,1,1,1,1,2
North East and Yorkshire,2020-07-19,estimate,1,1,0,1,1,1,1,1,2
North East and Yorkshire,2020-07-20,estimate,1,1,0,1,1,1,1,1,2
North East and Yorkshire,2020-07-21,estimate,1,1,0,1,1,1,1,1,2
North East and Yorkshire,2020-07-22,estimate,1,1,0,1,1,1,1,1,2
North East and Yorkshire,2020-07-23,estimate,1,1,0,1,1,1,1,1,2
North East and Yorkshire,2020-07-24,estimate,1,1,0,1,1,1,1,1,1
North East and Yorkshire,2020-07-25,estimate,1,1,0,1,1,1,1,1,1
North East and Yorkshire,2020-07-26,estimate,1,1,0,1,1,1,1,1,1
North East and Yorkshire,2020-07-27,estimate,1,1,0,1,1,1,1,1,1
North East and Yorkshire,2020-07-28,estimate,1,1,0,1,1,1,1,1,1
North East and Yorkshire,2020-07-29,estimate,1,1,0,1,1,1,1,1,1
North East and Yorkshire,2020-07-30,estimate,1,1,0,1,1,1,1,1,1
North East and Yorkshire,2020-07-31,estimate,1,1,0,1,1,1,1,1,1
North East and Yorkshire,2020-08-01,estimate,1,1,0,1,1,1,1,1,1
North East and Yorkshire,2020-08-02,estimate,1,1,0,1,1,1,1,1,1
North East and Yorkshire,2020-08-03,estimate,1,1,0,1,1,1,1,1,1
North East and Yorkshire,2020-08-04,estimate,1,1,0,1,1,1,1,1,1
North East and Yorkshire,2020-08-05,estimate,1,1,0,1,1,1,1,1,1
North East and Yorkshire,2020-08-06,estimate,1,1,0,1,1,1,1,1,1
North East and Yorkshire,2020-08-07,estimate,1,1,0,1,1,1,1,1,2
North East and Yorkshire,2020-08-08,estimate,1,1,0,1,1,1,1,1,2
North East and Yorkshire,2020-08-09,estimate,1,1,0,1,1,1,1,1,2
North East and Yorkshire,2020-08-10,estimate,1,1,0,1,1,1,1,1,2
North East and Yorkshire,2020-08-11,estimate,1,1,0,1,1,1,1,1,2
North East and Yorkshire,2020-08-12,estimate,1,1,0,1,1,1,1,1,2
North East and Yorkshire,2020-08-13,estimate,1,1,0,1,1,1,1,1,2
North East and Yorkshire,2020-08-14,estimate,1,1,0,1,1,1,1,1,2
North East and Yorkshire,2020-08-15,estimate,1,1,0,1,1,1,2,1,2
North East and Yorkshire,2020-08-16,estimate,1,1,0,1,1,1,2,1,2
North East and Yorkshire,2020-08-17,estimate,1,2,0,1,2,1,2,1,2
North East and Yorkshire,2020-08-18,estimate,2,2,0,1,2,1,2,1,2
North East and Yorkshire,2020-08-19,estimate,2,2,0,1,2,1,2,1,2
North East and Yorkshire,2020-08-20,estimate,2,2,0,2,2,1,2,1,2
North East and Yorkshire,2020-08-21,estimate,2,2,0,2,2,2,2,1,2
North East and Yorkshire,2020-08-22,estimate,2,2,0,2,2,2,2,1,3
North East and Yorkshire,2020-08-23,estimate,2,2,0,2,2,2,2,1,3
North East and Yorkshire,2020-08-24,estimate,2,2,0,2,2,2,2,2,3
North East and Yorkshire,2020-08-25,estimate,2,2,0,2,2,2,3,2,3
North East and Yorkshire,2020-08-26,estimate,2,3,0,2,3,2,3,2,3
North East and Yorkshire,2020-08-27,estimate,3,3,0,2,3,2,3,2,4
North East and Yorkshire,2020-08-28,estimate,3,3,0,3,3,3,3,2,4
North East and Yorkshire,2020-08-29,estimate,3,3,1,3,3,3,3,2,4
North East and Yorkshire,2020-08-30,estimate,3,3,1,3,4,3,4,3,4
North East and Yorkshire,2020-08-31,estimate,4,4,1,4,4,3,4,3,5
North East and Yorkshire,2020-09-01,estimate,4,4,1,4,4,3,4,3,5
North East and Yorkshire,2020-09-02,estimate,4,4,1,4,4,4,5,3,5
North East and Yorkshire,2020-09-03,estimate,5,5,1,4,5,4,5,4,6
North East and Yorkshire,2020-09-04,estimate based on partial data,5,5,1,5,5,5,6,4,6
North East and Yorkshire,2020-09-05,estimate based on partial data,5,6,1,5,6,5,6,4,7
North East and Yorkshire,2020-09-06,estimate based on partial data,6,6,1,6,6,5,6,5,8
North East and Yorkshire,2020-09-07,estimate based on partial data,6,7,1,6,6,6,7,5,8
North East and Yorkshire,2020-09-08,estimate based on partial data,7,7,1,6,7,6,8,5,9
North East and Yorkshire,2020-09-09,estimate based on partial data,8,8,2,7,8,6,8,5,10
North East and Yorkshire,2020-09-10,estimate based on partial data,8,8,2,7,8,7,9,6,11
North East and Yorkshire,2020-09-11,estimate based on partial data,9,9,2,8,9,7,10,6,12
North East and Yorkshire,2020-09-12,estimate based on partial data,10,10,3,8,10,8,11,6,14
North East and Yorkshire,2020-09-13,estimate based on partial data,11,11,3,9,10,8,12,6,16
North East and Yorkshire,2020-09-14,estimate based on partial data,12,12,4,9,11,9,13,6,18
North East and Yorkshire,2020-09-15,estimate based on partial data,13,13,5,10,12,9,14,6,20
North East and Yorkshire,2020-09-16,estimate based on partial data,14,15,6,10,13,9,16,6,23
North East and Yorkshire,2020-09-17,estimate based on partial data,15,16,7,11,14,9,17,5,26
North East and Yorkshire,2020-09-18,estimate based on partial data,16,18,9,11,14,10,19,5,29
North East and Yorkshire,2020-09-19,estimate based on partial data,17,20,11,12,15,10,21,5,33
North East and Yorkshire,2020-09-20,estimate based on partial data,19,22,13,11,16,9,21,4,38
North East and Yorkshire,2020-09-21,estimate based on partial data,20,24,16,12,17,9,24,4,44
North East and Yorkshire,2020-09-22,estimate based on partial data,22,27,20,13,18,9,26,4,50
North East and Yorkshire,2020-09-23,estimate based on partial data,24,31,26,12,18,8,26,3,58
North West,2020-02-28,estimate,1,1,0,1,1,1,2,1,2
North West,2020-02-29,estimate,3,3,0,3,3,3,3,2,3
North West,2020-03-01,estimate,5,5,0,5,5,4,5,4,5
North West,2020-03-02,estimate,6,6,1,6,6,6,7,5,7
North West,2020-03-03,estimate,9,9,1,9,10,8,10,8,11
North West,2020-03-04,estimate,12,12,1,12,13,11,13,10,14
North West,2020-03-05,estimate,16,16,2,15,16,14,16,13,18
North West,2020-03-06,estimate,19,19,2,18,19,17,20,16,22
North West,2020-03-07,estimate,23,23,2,22,23,21,24,20,27
North West,2020-03-08,estimate,26,26,3,26,27,24,28,22,31
North West,2020-03-09,estimate,31,31,3,30,31,29,33,26,36
North West,2020-03-10,estimate,38,38,4,36,38,35,40,32,44
North West,2020-03-11,estimate,43,44,4,43,45,40,46,37,51
North West,2020-03-12,estimate,53,53,5,50,53,49,56,44,61
North West,2020-03-13,estimate,64,64,6,61,64,59,67,54,75
North West,2020-03-14,estimate,74,74,7,70,74,69,78,62,86
North West,2020-03-15,estimate,83,83,8,79,83,77,88,69,96
North West,2020-03-16,estimate,94,94,9,92,96,86,98,79,109
North West,2020-03-17,estimate,100,100,10,98,103,94,107,85,117
North West,2020-03-18,estimate,115,115,11,109,115,107,122,97,134
North West,2020-03-19,estimate,109,109,7,104,107,103,113,98,122
North West,2020-03-20,estimate,116,116,9,109,114,110,121,101,130
North West,2020-03-21,estimate,122,123,10,119,124,115,128,107,140
North West,2020-03-22,estimate,129,130,11,123,129,121,136,110,146
North West,2020-03-23,estimate,135,135,12,129,135,126,142,116,155
North West,2020-03-24,estimate,140,141,13,135,141,131,147,119,161
North West,2020-03-25,estimate,145,145,13,138,145,135,152,123,167
North West,2020-03-26,estimate,148,149,14,144,150,138,156,126,171
North West,2020-03-27,estimate,151,151,14,148,155,140,158,129,174
North West,2020-03-28,estimate,152,153,14,151,157,142,160,131,176
North West,2020-03-29,estimate,153,153,14,150,157,141,159,131,175
North West,2020-03-30,estimate,152,152,13,149,156,142,160,130,173
North West,2020-03-31,estimate,150,150,13,146,152,140,157,129,171
North West,2020-04-01,estimate,147,147,13,142,148,138,154,126,167
North West,2020-04-02,estimate,143,143,12,138,144,132,149,124,164
North West,2020-04-03,estimate,138,139,12,133,138,130,146,120,159
North West,2020-04-04,estimate,133,134,12,128,134,125,140,115,153
North West,2020-04-05,estimate,128,128,11,124,129,118,133,109,146
North West,2020-04-06,estimate,122,122,11,118,124,114,128,105,141
North West,2020-04-07,estimate,116,117,10,111,116,109,122,99,134
North West,2020-04-08,estimate,110,111,10,108,112,104,116,94,128
North West,2020-04-09,estimate,105,105,10,103,107,98,111,89,121
North West,2020-04-10,estimate,99,99,9,97,102,92,104,84,115
North West,2020-04-11,estimate,94,94,9,92,96,88,100,80,109
North West,2020-04-12,estimate,89,89,9,86,90,84,95,76,104
North West,2020-04-13,estimate,85,85,8,82,86,79,89,71,98
North West,2020-04-14,estimate,80,80,8,78,81,75,85,67,93
North West,2020-04-15,estimate,76,76,8,75,78,71,81,64,89
North West,2020-04-16,estimate,73,73,7,72,76,67,76,61,85
North West,2020-04-17,estimate,70,69,7,69,72,64,73,58,80
North West,2020-04-18,estimate,66,66,7,66,70,62,71,56,77
North West,2020-04-19,estimate,64,64,6,62,65,59,68,53,74
North West,2020-04-20,estimate,61,61,6,61,64,56,64,51,71
North West,2020-04-21,estimate,59,59,6,58,61,55,63,49,68
North West,2020-04-22,estimate,56,56,6,55,58,52,60,48,66
North West,2020-04-23,estimate,54,54,5,53,56,50,58,46,63
North West,2020-04-24,estimate,52,53,5,50,53,49,56,44,61
North West,2020-04-25,estimate,51,51,5,49,51,47,54,42,59
North West,2020-04-26,estimate,49,49,5,47,50,45,52,41,57
North West,2020-04-27,estimate,47,48,5,46,48,44,50,40,55
North West,2020-04-28,estimate,46,46,5,44,47,42,49,39,53
North West,2020-04-29,estimate,44,45,4,43,45,41,47,37,52
North West,2020-04-30,estimate,43,43,4,42,44,40,46,36,50
North West,2020-05-01,estimate,42,42,4,41,43,39,45,35,48
North West,2020-05-02,estimate,41,41,4,40,42,38,43,34,47
North West,2020-05-03,estimate,39,39,4,38,40,36,41,33,46
North West,2020-05-04,estimate,38,38,4,37,39,35,40,31,44
North West,2020-05-05,estimate,37,37,4,36,38,34,39,31,43
North West,2020-05-06,estimate,36,36,4,35,36,33,38,29,42
North West,2020-05-07,estimate,35,35,4,35,37,32,37,29,40
North West,2020-05-08,estimate,34,34,4,32,34,31,36,28,39
North West,2020-05-09,estimate,32,33,3,32,33,30,35,27,38
North West,2020-05-10,estimate,32,32,3,31,32,29,34,26,37
North West,2020-05-11,estimate,31,31,3,30,31,28,32,25,36
North West,2020-05-12,estimate,30,30,3,29,31,27,31,25,35
North West,2020-05-13,estimate,29,29,3,28,30,27,31,24,34
North West,2020-05-14,estimate,28,28,3,27,28,26,30,23,33
North West,2020-05-15,estimate,27,27,3,27,28,25,29,23,32
North West,2020-05-16,estimate,26,26,3,26,27,24,28,21,30
North West,2020-05-17,estimate,25,25,3,25,26,23,27,21,30
North West,2020-05-18,estimate,24,25,3,24,26,22,26,20,29
North West,2020-05-19,estimate,24,24,3,23,24,22,25,19,28
North West,2020-05-20,estimate,23,23,2,22,23,21,24,19,27
North West,2020-05-21,estimate,22,22,2,22,23,20,23,18,26
North West,2020-05-22,estimate,21,21,2,21,22,20,23,17,25
North West,2020-05-23,estimate,20,21,2,20,21,19,22,17,24
North West,2020-05-24,estimate,20,20,2,19,20,18,21,16,23
North West,2020-05-25,estimate,19,19,2,18,19,18,20,15,22
North West,2020-05-26,estimate,18,18,2,17,18,17,19,15,21
North West,2020-05-27,estimate,17,17,2,16,17,16,18,14,20
North West,2020-05-28,estimate,16,17,2,16,17,15,18,14,20
North West,2020-05-29,estimate,16,16,2,15,16,14,17,13,19
North West,2020-05-30,estimate,15,15,2,14,15,14,16,12,18
North West,2020-05-31,estimate,14,14,2,13,14,13,15,12,17
North West,2020-06-01,estimate,14,14,2,13,14,12,14,11,16
North West,2020-06-02,estimate,13,13,2,12,13,12,14,10,15
North West,2020-06-03,estimate,12,12,1,12,13,11,13,10,15
North West,2020-06-04,estimate,12,12,1,12,12,11,13,9,14
North West,2020-06-05,estimate,11,11,1,11,11,10,12,9,13
North West,2020-06-06,estimate,11,11,1,10,11,10,11,9,13
North West,2020-06-07,estimate,10,10,1,10,10,9,11,8,12
North West,2020-06-08,estimate,9,10,1,9,10,9,10,8,11
North West,2020-06-09,estimate,9,9,1,9,9,8,10,7,11
North West,2020-06-10,estimate,9,9,1,8,9,8,9,7,10
North West,2020-06-11,estimate,8,8,1,8,8,7,9,6,10
North West,2020-06-12,estimate,8,8,1,7,8,7,8,6,9
North West,2020-06-13,estimate,7,7,1,7,7,7,8,6,9
North West,2020-06-14,estimate,7,7,1,7,7,6,7,6,8
North West,2020-06-15,estimate,7,7,1,6,7,6,7,5,8
North West,2020-06-16,estimate,6,6,1,6,6,6,7,5,8
North West,2020-06-17,estimate,6,6,1,6,6,5,6,5,7
North West,2020-06-18,estimate,6,6,1,5,6,5,6,4,7
North West,2020-06-19,estimate,5,5,1,5,6,5,6,4,7
North West,2020-06-20,estimate,5,5,1,5,5,5,6,4,6
North West,2020-06-21,estimate,5,5,1,5,5,4,5,4,6
North West,2020-06-22,estimate,5,5,1,4,5,4,5,4,6
North West,2020-06-23,estimate,4,4,1,4,4,4,5,3,6
North West,2020-06-24,estimate,4,4,1,4,4,4,5,3,5
North West,2020-06-25,estimate,4,4,1,4,4,4,4,3,5
North West,2020-06-26,estimate,4,4,1,4,4,4,4,3,5
North West,2020-06-27,estimate,4,4,1,4,4,3,4,3,5
North West,2020-06-28,estimate,4,4,1,4,4,3,4,3,5
North West,2020-06-29,estimate,4,4,1,3,3,3,4,3,4
North West,2020-06-30,estimate,3,3,1,3,4,3,4,3,4
North West,2020-07-01,estimate,3,3,1,3,3,3,4,2,4
North West,2020-07-02,estimate,3,3,1,3,3,3,3,2,4
North West,2020-07-03,estimate,3,3,1,3,3,3,3,2,4
North West,2020-07-04,estimate,3,3,0,3,3,3,3,2,4
North West,2020-07-05,estimate,3,3,0,3,3,3,3,2,4
North West,2020-07-06,estimate,3,3,0,3,3,3,3,2,4
North West,2020-07-07,estimate,3,3,0,3,3,3,3,2,4
North West,2020-07-08,estimate,3,3,0,3,3,3,3,2,4
North West,2020-07-09,estimate,3,3,0,3,3,3,3,2,4
North West,2020-07-10,estimate,3,3,0,3,3,3,3,2,4
North West,2020-07-11,estimate,3,3,0,3,3,3,3,2,4
North West,2020-07-12,estimate,3,3,0,3,3,2,3,2,4
North West,2020-07-13,estimate,3,3,0,3,3,2,3,2,4
North West,2020-07-14,estimate,3,3,0,3,3,3,3,2,3
North West,2020-07-15,estimate,3,3,0,3,3,2,3,2,4
North West,2020-07-16,estimate,3,3,0,3,3,2,3,2,4
North West,2020-07-17,estimate,3,3,0,3,3,2,3,2,4
North West,2020-07-18,estimate,3,3,0,3,3,2,3,2,4
North West,2020-07-19,estimate,3,3,0,3,3,2,3,2,4
North West,2020-07-20,estimate,3,3,0,3,3,2,3,2,4
North West,2020-07-21,estimate,3,3,0,3,3,2,3,2,4
North West,2020-07-22,estimate,3,3,0,3,3,2,3,2,4
North West,2020-07-23,estimate,3,3,0,3,3,2,3,2,4
North West,2020-07-24,estimate,3,3,0,3,3,2,3,2,4
North West,2020-07-25,estimate,3,3,0,3,3,2,3,2,4
North West,2020-07-26,estimate,3,3,0,3,3,2,3,2,4
North West,2020-07-27,estimate,3,3,0,3,3,2,3,2,4
North West,2020-07-28,estimate,3,3,0,3,3,2,3,2,4
North West,2020-07-29,estimate,3,3,0,3,3,2,3,2,3
North West,2020-07-30,estimate,3,3,0,3,3,2,3,2,3
North West,2020-07-31,estimate,3,3,0,3,3,2,3,2,3
North West,2020-08-01,estimate,3,3,0,2,3,2,3,2,3
North West,2020-08-02,estimate,3,3,0,2,3,2,3,2,3
North West,2020-08-03,estimate,3,3,0,2,3,2,3,2,3
North West,2020-08-04,estimate,3,3,0,2,3,2,3,2,3
North West,2020-08-05,estimate,3,3,0,2,3,2,3,2,3
North West,2020-08-06,estimate,3,3,0,2,3,2,3,2,3
North West,2020-08-07,estimate,3,3,0,2,3,2,3,2,3
North West,2020-08-08,estimate,3,3,0,2,3,2,3,2,3
North West,2020-08-09,estimate,3,3,0,2,3,2,3,2,3
North West,2020-08-10,estimate,3,3,0,2,3,2,3,2,3
North West,2020-08-11,estimate,3,3,0,2,3,2,3,2,3
North West,2020-08-12,estimate,3,3,0,2,3,2,3,2,3
North West,2020-08-13,estimate,3,3,0,2,3,2,3,2,3
North West,2020-08-14,estimate,3,3,0,3,3,2,3,2,3
North West,2020-08-15,estimate,3,3,0,3,3,2,3,2,4
North West,2020-08-16,estimate,3,3,0,3,3,2,3,2,4
North West,2020-08-17,estimate,3,3,0,3,3,2,3,2,4
North West,2020-08-18,estimate,3,3,1,3,3,3,3,2,4
North West,2020-08-19,estimate,3,3,1,3,3,3,3,2,4
North West,2020-08-20,estimate,3,3,1,3,3,3,3,2,4
North West,2020-08-21,estimate,3,3,1,3,3,3,4,2,4
North West,2020-08-22,estimate,3,3,1,3,4,3,4,2,4
North West,2020-08-23,estimate,4,4,1,3,4,3,4,3,5
North West,2020-08-24,estimate,4,4,1,4,4,3,4,3,5
North West,2020-08-25,estimate,4,4,1,4,4,3,4,3,5
North West,2020-08-26,estimate,4,4,1,4,4,4,4,3,5
North West,2020-08-27,estimate,4,4,1,4,4,4,5,3,5
North West,2020-08-28,estimate,5,5,1,4,5,4,5,4,6
North West,2020-08-29,estimate,5,5,1,5,5,4,5,4,6
North West,2020-08-30,estimate,5,5,1,5,5,5,6,4,6
North West,2020-08-31,estimate,6,6,1,5,6,5,6,4,7
North West,2020-09-01,estimate,6,6,1,5,6,5,6,4,7
North West,2020-09-02,estimate,6,6,1,6,6,6,7,5,8
North West,2020-09-03,estimate,7,7,1,6,7,6,7,5,8
North West,2020-09-04,estimate based on partial data,7,7,1,7,7,6,8,6,9
North West,2020-09-05,estimate based on partial data,8,8,1,7,8,7,8,6,10
North West,2020-09-06,estimate based on partial data,8,8,1,8,8,7,9,6,10
North West,2020-09-07,estimate based on partial data,9,9,1,8,9,8,10,7,11
North West,2020-09-08,estimate based on partial data,10,10,2,9,10,8,11,7,12
North West,2020-09-09,estimate based on partial data,10,10,2,10,11,9,12,7,14
North West,2020-09-10,estimate based on partial data,11,11,2,10,12,9,12,8,15
North West,2020-09-11,estimate based on partial data,12,12,3,11,12,10,14,8,16
North West,2020-09-12,estimate based on partial data,13,13,3,12,13,10,15,8,19
North West,2020-09-13,estimate based on partial data,14,14,4,12,14,11,16,8,21
North West,2020-09-14,estimate based on partial data,15,16,5,13,15,11,17,8,24
North West,2020-09-15,estimate based on partial data,16,17,6,13,15,11,18,8,27
North West,2020-09-16,estimate based on partial data,18,19,8,14,17,11,20,8,30
North West,2020-09-17,estimate based on partial data,19,21,10,15,18,11,22,7,35
North West,2020-09-18,estimate based on partial data,21,23,12,14,18,11,23,7,40
North West,2020-09-19,estimate based on partial data,22,26,16,14,19,12,26,6,46
North West,2020-09-20,estimate based on partial data,24,29,20,15,21,11,27,5,52
North West,2020-09-21,estimate based on partial data,26,33,26,15,22,12,30,6,62
North West,2020-09-22,estimate based on partial data,28,37,34,15,22,12,33,4,70
North West,2020-09-23,estimate based on partial data,30,43,45,15,24,12,36,4,83
South East,2020-02-28,estimate,1,1,0,1,1,1,1,1,1
South East,2020-02-29,estimate,3,3,0,3,3,3,3,3,4
South East,2020-03-01,estimate,5,5,1,5,5,5,6,4,6
South East,2020-03-02,estimate,9,9,1,9,10,9,10,8,11
South East,2020-03-03,estimate,13,13,1,12,13,12,13,11,15
South East,2020-03-04,estimate,17,17,2,17,17,15,18,14,20
South East,2020-03-05,estimate,22,23,2,22,23,21,24,19,26
South East,2020-03-06,estimate,28,28,3,26,28,26,29,23,32
South East,2020-03-07,estimate,32,32,3,31,33,29,33,27,37
South East,2020-03-08,estimate,35,35,3,34,36,32,37,30,41
South East,2020-03-09,estimate,40,40,4,39,41,37,42,33,46
South East,2020-03-10,estimate,46,46,5,44,46,42,49,39,53
South East,2020-03-11,estimate,51,52,5,49,51,48,55,43,60
South East,2020-03-12,estimate,58,58,6,57,60,54,61,48,67
South East,2020-03-13,estimate,63,63,6,60,63,58,66,54,73
South East,2020-03-14,estimate,68,69,7,66,70,63,72,58,79
South East,2020-03-15,estimate,79,79,8,78,81,72,83,67,92
South East,2020-03-16,estimate,86,86,9,87,91,80,92,72,100
South East,2020-03-17,estimate,92,92,9,91,95,85,97,77,106
South East,2020-03-18,estimate,99,100,10,96,101,91,105,83,116
South East,2020-03-19,estimate,97,97,7,94,97,92,101,86,107
South East,2020-03-20,estimate,101,102,8,98,102,95,105,89,113
South East,2020-03-21,estimate,106,106,9,103,107,100,111,92,120
South East,2020-03-22,estimate,110,110,10,107,112,104,116,95,126
South East,2020-03-23,estimate,113,114,10,109,114,106,120,97,130
South East,2020-03-24,estimate,116,117,11,111,117,108,122,99,134
South East,2020-03-25,estimate,118,119,11,115,120,111,125,101,137
South East,2020-03-26,estimate,120,121,11,117,123,114,129,103,139
South East,2020-03-27,estimate,121,121,11,116,122,114,128,103,139
South East,2020-03-28,estimate,120,121,11,117,122,113,127,103,138
South East,2020-03-29,estimate,119,120,11,117,122,111,125,102,137
South East,2020-03-30,estimate,118,118,10,116,121,109,122,102,135
South East,2020-03-31,estimate,115,116,10,113,117,108,121,101,132
South East,2020-04-01,estimate,112,112,9,109,114,105,117,98,128
South East,2020-04-02,estimate,108,109,9,104,109,102,113,95,123
South East,2020-04-03,estimate,104,105,8,102,106,98,109,91,118
South East,2020-04-04,estimate,100,100,8,98,102,94,104,88,114
South East,2020-04-05,estimate,96,96,8,92,96,90,100,84,109
South East,2020-04-06,estimate,91,91,8,88,91,86,96,79,103
South East,2020-04-07,estimate,86,87,7,83,86,80,90,74,98
South East,2020-04-08,estimate,82,82,7,80,84,77,87,70,93
South East,2020-04-09,estimate,78,78,7,76,79,72,81,66,88
South East,2020-04-10,estimate,74,74,7,71,74,69,78,63,85
South East,2020-04-11,estimate,70,70,6,66,70,65,73,60,81
South East,2020-04-12,estimate,66,66,6,64,67,62,70,56,77
South East,2020-04-13,estimate,63,63,6,62,65,59,67,53,72
South East,2020-04-14,estimate,59,60,6,58,61,55,63,50,69
South East,2020-04-15,estimate,57,57,6,56,59,53,60,47,66
South East,2020-04-16,estimate,54,54,5,53,55,50,58,45,63
South East,2020-04-17,estimate,52,52,5,50,52,48,55,43,60
South East,2020-04-18,estimate,50,50,5,48,51,46,53,41,57
South East,2020-04-19,estimate,48,48,5,46,48,44,51,39,55
South East,2020-04-20,estimate,46,46,5,44,47,43,49,38,53
South East,2020-04-21,estimate,44,44,4,43,45,42,48,37,51
South East,2020-04-22,estimate,43,43,4,42,44,40,46,35,49
South East,2020-04-23,estimate,41,41,4,41,43,39,44,34,48
South East,2020-04-24,estimate,40,40,4,39,41,37,43,33,46
South East,2020-04-25,estimate,39,39,4,38,40,36,41,33,45
South East,2020-04-26,estimate,38,38,4,37,39,35,40,32,44
South East,2020-04-27,estimate,37,37,4,36,38,34,39,31,43
South East,2020-04-28,estimate,36,36,4,35,36,33,37,30,41
South East,2020-04-29,estimate,35,35,3,34,35,32,37,29,40
South East,2020-04-30,estimate,34,34,3,33,34,31,36,28,39
South East,2020-05-01,estimate,33,33,3,31,33,30,34,27,38
South East,2020-05-02,estimate,32,32,3,31,32,29,33,27,37
South East,2020-05-03,estimate,31,31,3,30,32,28,32,26,36
South East,2020-05-04,estimate,30,30,3,29,31,27,31,25,35
South East,2020-05-05,estimate,29,29,3,28,29,27,31,24,34
South East,2020-05-06,estimate,28,28,3,27,28,26,30,23,33
South East,2020-05-07,estimate,27,27,3,26,27,25,28,22,32
South East,2020-05-08,estimate,26,26,3,25,26,24,27,21,30
South East,2020-05-09,estimate,25,25,3,24,25,23,26,21,29
South East,2020-05-10,estimate,24,24,3,23,24,22,25,20,28
South East,2020-05-11,estimate,23,23,2,22,23,21,24,19,27
South East,2020-05-12,estimate,22,22,2,22,23,20,23,18,26
South East,2020-05-13,estimate,21,21,2,20,21,19,22,18,25
South East,2020-05-14,estimate,20,20,2,19,20,19,21,17,23
South East,2020-05-15,estimate,19,19,2,19,19,18,20,16,22
South East,2020-05-16,estimate,18,18,2,18,19,17,19,15,21
South East,2020-05-17,estimate,17,17,2,17,18,16,18,14,20
South East,2020-05-18,estimate,16,16,2,16,17,15,17,13,19
South East,2020-05-19,estimate,16,16,2,15,16,14,16,13,18
South East,2020-05-20,estimate,15,15,2,15,15,14,16,12,17
South East,2020-05-21,estimate,14,14,2,14,14,13,15,11,16
South East,2020-05-22,estimate,13,13,2,13,14,12,14,11,16
South East,2020-05-23,estimate,13,13,1,12,13,11,13,10,15
South East,2020-05-24,estimate,12,12,1,12,12,11,13,10,14
South East,2020-05-25,estimate,11,11,1,11,12,10,12,9,14
South East,2020-05-26,estimate,11,11,1,10,11,10,12,9,13
South East,2020-05-27,estimate,10,10,1,10,11,10,11,8,12
South East,2020-05-28,estimate,10,10,1,10,10,9,11,8,12
South East,2020-05-29,estimate,9,10,1,9,10,9,10,8,12
South East,2020-05-30,estimate,9,9,1,9,10,8,10,7,11
South East,2020-05-31,estimate,9,9,1,9,9,8,10,7,11
South East,2020-06-01,estimate,8,8,1,8,9,8,9,7,10
South East,2020-06-02,estimate,8,8,1,8,8,8,9,6,10
South East,2020-06-03,estimate,8,8,1,8,8,7,9,6,10
South East,2020-06-04,estimate,8,8,1,8,8,7,8,6,9
South East,2020-06-05,estimate,7,7,1,7,8,7,8,6,9
South East,2020-06-06,estimate,7,7,1,7,8,7,8,6,9
South East,2020-06-07,estimate,7,7,1,7,7,6,8,6,9
South East,2020-06-08,estimate,7,7,1,7,7,6,8,6,8
South East,2020-06-09,estimate,7,7,1,6,7,6,7,5,8
South East,2020-06-10,estimate,7,7,1,6,7,6,7,5,8
South East,2020-06-11,estimate,7,7,1,6,7,6,7,5,8
South East,2020-06-12,estimate,6,6,1,6,7,6,7,5,8
South East,2020-06-13,estimate,6,6,1,6,7,6,7,5,8
South East,2020-06-14,estimate,6,6,1,6,6,6,7,5,8
South East,2020-06-15,estimate,6,6,1,6,6,5,7,5,8
South East,2020-06-16,estimate,6,6,1,6,6,5,7,5,7
South East,2020-06-17,estimate,6,6,1,6,6,5,6,5,7
South East,2020-06-18,estimate,6,6,1,6,6,5,6,5,7
South East,2020-06-19,estimate,6,6,1,5,6,5,6,4,7
South East,2020-06-20,estimate,6,6,1,5,6,5,6,4,7
South East,2020-06-21,estimate,5,5,1,5,5,5,6,4,7
South East,2020-06-22,estimate,5,5,1,5,5,5,6,4,6
South East,2020-06-23,estimate,5,5,1,5,5,5,6,4,6
South East,2020-06-24,estimate,5,5,1,5,5,4,5,4,6
South East,2020-06-25,estimate,5,5,1,5,5,4,5,4,6
South East,2020-06-26,estimate,5,5,1,4,5,4,5,4,6
South East,2020-06-27,estimate,4,4,1,4,5,4,5,3,6
South East,2020-06-28,estimate,4,4,1,4,4,4,5,3,5
South East,2020-06-29,estimate,4,4,1,4,4,4,4,3,5
South East,2020-06-30,estimate,4,4,1,4,4,4,4,3,5
South East,2020-07-01,estimate,4,4,1,4,4,3,4,3,5
South East,2020-07-02,estimate,4,4,1,3,4,3,4,3,5
South East,2020-07-03,estimate,3,3,1,3,3,3,4,3,4
South East,2020-07-04,estimate,3,3,1,3,3,3,3,2,4
South East,2020-07-05,estimate,3,3,0,3,3,3,3,2,4
South East,2020-07-06,estimate,3,3,0,3,3,3,3,2,4
South East,2020-07-07,estimate,3,3,0,3,3,2,3,2,4
South East,2020-07-08,estimate,3,3,0,3,3,2,3,2,3
South East,2020-07-09,estimate,3,3,0,2,3,2,3,2,3
South East,2020-07-10,estimate,2,2,0,2,2,2,3,2,3
South East,2020-07-11,estimate,2,2,0,2,2,2,2,2,3
South East,2020-07-12,estimate,2,2,0,2,2,2,2,2,3
South East,2020-07-13,estimate,2,2,0,2,2,2,2,1,3
South East,2020-07-14,estimate,2,2,0,2,2,2,2,1,3
South East,2020-07-15,estimate,2,2,0,2,2,2,2,1,2
South East,2020-07-16,estimate,2,2,0,2,2,2,2,1,2
South East,2020-07-17,estimate,2,2,0,2,2,1,2,1,2
South East,2020-07-18,estimate,2,2,0,1,2,1,2,1,2
South East,2020-07-19,estimate,2,2,0,1,1,1,2,1,2
South East,2020-07-20,estimate,1,1,0,1,1,1,2,1,2
South East,2020-07-21,estimate,1,1,0,1,1,1,2,1,2
South East,2020-07-22,estimate,1,1,0,1,1,1,1,1,2
South East,2020-07-23,estimate,1,1,0,1,1,1,1,1,2
South East,2020-07-24,estimate,1,1,0,1,1,1,1,1,2
South East,2020-07-25,estimate,1,1,0,1,1,1,1,1,2
South East,2020-07-26,estimate,1,1,0,1,1,1,1,1,2
South East,2020-07-27,estimate,1,1,0,1,1,1,1,1,1
South East,2020-07-28,estimate,1,1,0,1,1,1,1,1,1
South East,2020-07-29,estimate,1,1,0,1,1,1,1,1,1
South East,2020-07-30,estimate,1,1,0,1,1,1,1,1,1
South East,2020-07-31,estimate,1,1,0,1,1,1,1,1,1
South East,2020-08-01,estimate,1,1,0,1,1,1,1,1,1
South East,2020-08-02,estimate,1,1,0,1,1,1,1,1,1
South East,2020-08-03,estimate,1,1,0,1,1,1,1,1,1
South East,2020-08-04,estimate,1,1,0,1,1,1,1,1,1
South East,2020-08-05,estimate,1,1,0,1,1,1,1,1,1
South East,2020-08-06,estimate,1,1,0,1,1,1,1,0,1
South East,2020-08-07,estimate,1,1,0,1,1,1,1,0,1
South East,2020-08-08,estimate,1,1,0,1,1,1,1,0,1
South East,2020-08-09,estimate,1,1,0,1,1,1,1,0,1
South East,2020-08-10,estimate,1,1,0,1,1,1,1,0,1
South East,2020-08-11,estimate,1,1,0,1,1,1,1,0,1
South East,2020-08-12,estimate,1,1,0,1,1,1,1,0,1
South East,2020-08-13,estimate,1,1,0,1,1,1,1,0,1
South East,2020-08-14,estimate,1,1,0,1,1,1,1,0,1
South East,2020-08-15,estimate,1,1,0,1,1,1,1,0,1
South East,2020-08-16,estimate,1,1,0,1,1,1,1,0,1
South East,2020-08-17,estimate,1,1,0,1,1,1,1,0,1
South East,2020-08-18,estimate,1,1,0,1,1,1,1,0,1
South East,2020-08-19,estimate,1,1,0,1,1,1,1,0,1
South East,2020-08-20,estimate,1,1,0,1,1,1,1,0,1
South East,2020-08-21,estimate,1,1,0,1,1,1,1,1,1
South East,2020-08-22,estimate,1,1,0,1,1,1,1,1,1
South East,2020-08-23,estimate,1,1,0,1,1,1,1,1,1
South East,2020-08-24,estimate,1,1,0,1,1,1,1,1,1
South East,2020-08-25,estimate,1,1,0,1,1,1,1,1,1
South East,2020-08-26,estimate,1,1,0,1,1,1,1,1,1
South East,2020-08-27,estimate,1,1,0,1,1,1,1,1,1
South East,2020-08-28,estimate,1,1,0,1,1,1,1,1,1
South East,2020-08-29,estimate,1,1,0,1,1,1,1,1,1
South East,2020-08-30,estimate,1,1,0,1,1,1,1,1,1
South East,2020-08-31,estimate,1,1,0,1,1,1,1,1,2
South East,2020-09-01,estimate,1,1,0,1,1,1,1,1,2
South East,2020-09-02,estimate,1,1,0,1,1,1,1,1,2
South East,2020-09-03,estimate,1,1,0,1,1,1,1,1,2
South East,2020-09-04,estimate based on partial data,1,1,0,1,1,1,1,1,2
South East,2020-09-05,estimate based on partial data,1,1,0,1,1,1,1,1,2
South East,2020-09-06,estimate based on partial data,1,1,0,1,1,1,1,1,2
South East,2020-09-07,estimate based on partial data,1,1,0,1,1,1,2,1,2
South East,2020-09-08,estimate based on partial data,1,1,1,1,1,1,2,1,2
South East,2020-09-09,estimate based on partial data,1,2,1,1,1,1,2,1,2
South East,2020-09-10,estimate based on partial data,1,2,1,1,1,1,2,1,3
South East,2020-09-11,estimate based on partial data,2,2,1,1,1,1,2,1,3
South East,2020-09-12,estimate based on partial data,2,2,1,1,2,1,2,0,3
South East,2020-09-13,estimate based on partial data,2,2,1,1,2,1,2,0,3
South East,2020-09-14,estimate based on partial data,2,2,1,1,1,1,2,0,3
South East,2020-09-15,estimate based on partial data,2,2,1,1,1,1,2,0,4
South East,2020-09-16,estimate based on partial data,2,2,2,1,1,1,2,0,4
South East,2020-09-17,estimate based on partial data,2,2,2,1,1,1,2,0,4
South East,2020-09-18,estimate based on partial data,2,2,2,1,2,1,2,0,5
South East,2020-09-19,estimate based on partial data,2,3,3,1,1,1,2,0,5
South East,2020-09-20,estimate based on partial data,2,3,3,1,1,1,2,0,6
South East,2020-09-21,estimate based on partial data,2,3,4,1,1,0,2,0,7
South East,2020-09-22,estimate based on partial data,2,3,5,1,1,0,2,0,7
South East,2020-09-23,estimate based on partial data,2,4,6,1,1,0,2,0,8
South West,2020-02-28,estimate,1,1,0,1,1,1,1,0,1
South West,2020-02-29,estimate,1,1,0,1,1,1,1,1,1
South West,2020-03-01,estimate,2,2,0,2,2,2,2,2,2
South West,2020-03-02,estimate,3,3,0,3,3,3,3,3,4
South West,2020-03-03,estimate,4,4,0,4,4,4,5,4,5
South West,2020-03-04,estimate,5,5,1,5,5,5,5,4,6
South West,2020-03-05,estimate,7,7,1,6,7,6,7,5,8
South West,2020-03-06,estimate,8,8,1,7,8,7,8,6,9
South West,2020-03-07,estimate,9,9,1,9,9,8,10,8,10
South West,2020-03-08,estimate,11,11,1,11,11,10,12,9,13
South West,2020-03-09,estimate,14,14,1,13,14,12,14,11,16
South West,2020-03-10,estimate,16,16,2,16,17,15,17,14,19
South West,2020-03-11,estimate,19,19,2,19,20,17,20,16,22
South West,2020-03-12,estimate,21,21,2,21,22,19,22,18,24
South West,2020-03-13,estimate,24,24,2,23,24,22,25,20,28
South West,2020-03-14,estimate,26,27,3,26,27,24,28,22,31
South West,2020-03-15,estimate,29,29,3,28,30,27,31,25,34
South West,2020-03-16,estimate,31,31,3,30,32,29,33,26,37
South West,2020-03-17,estimate,33,33,3,32,34,31,35,28,39
South West,2020-03-18,estimate,36,36,4,35,37,33,38,31,42
South West,2020-03-19,estimate,36,36,3,35,36,34,38,31,41
South West,2020-03-20,estimate,38,38,3,36,38,35,39,33,44
South West,2020-03-21,estimate,40,40,4,38,39,37,42,34,46
South West,2020-03-22,estimate,41,42,4,39,41,38,44,35,49
South West,2020-03-23,estimate,43,43,5,41,43,40,46,36,51
South West,2020-03-24,estimate,45,45,5,43,45,41,47,37,53
South West,2020-03-25,estimate,46,46,5,45,47,42,49,38,55
South West,2020-03-26,estimate,47,47,5,45,47,43,50,39,56
South West,2020-03-27,estimate,48,48,5,46,48,44,51,39,57
South West,2020-03-28,estimate,48,49,5,46,49,45,51,40,57
South West,2020-03-29,estimate,49,49,5,47,49,45,52,40,57
South West,2020-03-30,estimate,49,49,5,47,50,45,52,40,57
South West,2020-03-31,estimate,48,49,5,45,48,45,51,40,57
South West,2020-04-01,estimate,48,48,5,46,48,44,50,40,56
South West,2020-04-02,estimate,47,47,5,45,47,43,49,39,55
South West,2020-04-03,estimate,46,46,5,44,46,43,49,38,54
South West,2020-04-04,estimate,44,45,5,43,45,41,47,37,52
South West,2020-04-05,estimate,43,43,5,42,44,39,45,36,51
South West,2020-04-06,estimate,41,42,4,40,42,38,43,35,49
South West,2020-04-07,estimate,40,40,4,38,40,36,42,33,47
South West,2020-04-08,estimate,38,38,4,36,38,35,40,31,45
South West,2020-04-09,estimate,36,36,4,35,37,34,39,29,42
South West,2020-04-10,estimate,34,34,4,33,35,32,36,28,40
South West,2020-04-11,estimate,32,32,4,32,34,30,34,27,38
South West,2020-04-12,estimate,31,31,3,30,32,28,32,25,36
South West,2020-04-13,estimate,29,29,3,27,29,27,31,23,34
South West,2020-04-14,estimate,27,27,3,26,27,25,29,22,32
South West,2020-04-15,estimate,26,26,3,24,26,24,28,21,31
South West,2020-04-16,estimate,24,24,3,23,25,22,26,20,29
South West,2020-04-17,estimate,23,23,3,23,24,21,25,19,27
South West,2020-04-18,estimate,22,22,3,21,23,20,23,17,26
South West,2020-04-19,estimate,21,21,3,20,21,19,22,16,25
South West,2020-04-20,estimate,19,19,2,19,20,18,21,15,23
South West,2020-04-21,estimate,18,18,2,18,19,17,20,15,22
South West,2020-04-22,estimate,17,18,2,17,18,16,19,14,21
South West,2020-04-23,estimate,17,17,2,16,17,15,18,13,20
South West,2020-04-24,estimate,16,16,2,15,17,14,17,12,19
South West,2020-04-25,estimate,15,15,2,15,16,14,17,12,19
South West,2020-04-26,estimate,14,14,2,14,15,13,15,11,18
South West,2020-04-27,estimate,14,14,2,13,14,13,15,11,17
South West,2020-04-28,estimate,13,13,2,12,13,12,14,10,16
South West,2020-04-29,estimate,13,13,2,12,13,12,14,10,15
South West,2020-04-30,estimate,12,12,2,12,13,11,13,10,15
South West,2020-05-01,estimate,12,12,2,11,12,11,13,9,14
South West,2020-05-02,estimate,11,11,2,11,11,10,12,9,14
South West,2020-05-03,estimate,11,11,1,10,11,10,12,9,13
South West,2020-05-04,estimate,10,10,1,10,11,9,11,8,13
South West,2020-05-05,estimate,10,10,1,9,10,9,11,8,12
South West,2020-05-06,estimate,10,10,1,9,10,9,10,8,12
South West,2020-05-07,estimate,9,9,1,9,9,8,10,7,11
South West,2020-05-08,estimate,9,9,1,8,9,8,9,7,11
South West,2020-05-09,estimate,8,9,1,8,8,8,9,7,10
South West,2020-05-10,estimate,8,8,1,8,8,7,9,7,10
South West,2020-05-11,estimate,8,8,1,7,8,7,8,6,10
South West,2020-05-12,estimate,7,7,1,7,7,6,8,6,9
South West,2020-05-13,estimate,7,7,1,7,7,6,7,5,9
South West,2020-05-14,estimate,7,7,1,6,7,6,7,5,8
South West,2020-05-15,estimate,6,6,1,6,6,6,7,5,8
South West,2020-05-16,estimate,6,6,1,6,6,5,6,4,7
South West,2020-05-17,estimate,5,6,1,5,5,5,6,4,7
South West,2020-05-18,estimate,5,5,1,5,5,5,6,4,6
South West,2020-05-19,estimate,5,5,1,4,5,4,5,4,6
South West,2020-05-20,estimate,4,5,1,4,5,4,5,3,6
South West,2020-05-21,estimate,4,4,1,4,4,4,4,3,5
South West,2020-05-22,estimate,4,4,1,4,4,3,4,3,5
South West,2020-05-23,estimate,4,4,1,3,4,3,4,3,5
South West,2020-05-24,estimate,3,3,1,3,3,3,4,2,4
South West,2020-05-25,estimate,3,3,1,3,3,3,3,2,4
South West,2020-05-26,estimate,3,3,0,3,3,2,3,2,4
South West,2020-05-27,estimate,3,3,0,2,3,2,3,2,3
South West,2020-05-28,estimate,2,2,0,2,2,2,3,2,3
South West,2020-05-29,estimate,2,2,0,2,2,2,2,2,3
South West,2020-05-30,estimate,2,2,0,2,2,2,2,1,3
South West,2020-05-31,estimate,2,2,0,2,2,2,2,1,2
South West,2020-06-01,estimate,2,2,0,2,2,1,2,1,2
South West,2020-06-02,estimate,2,2,0,2,2,1,2,1,2
South West,2020-06-03,estimate,1,1,0,1,2,1,2,1,2
South West,2020-06-04,estimate,1,1,0,1,1,1,2,1,2
South West,2020-06-05,estimate,1,1,0,1,1,1,1,1,2
South West,2020-06-06,estimate,1,1,0,1,1,1,1,1,2
South West,2020-06-07,estimate,1,1,0,1,1,1,1,1,1
South West,2020-06-08,estimate,1,1,0,1,1,1,1,1,1
South West,2020-06-09,estimate,1,1,0,1,1,1,1,1,1
South West,2020-06-10,estimate,1,1,0,1,1,1,1,1,1
South West,2020-06-11,estimate,1,1,0,1,1,1,1,1,1
South West,2020-06-12,estimate,1,1,0,1,1,1,1,0,1
South West,2020-06-13,estimate,1,1,0,1,1,1,1,0,1
South West,2020-06-14,estimate,1,1,0,1,1,1,1,0,1
South West,2020-06-15,estimate,1,1,0,1,1,1,1,0,1
South West,2020-06-16,estimate,1,1,0,1,1,0,1,0,1
South West,2020-06-17,estimate,1,1,0,1,1,0,1,0,1
South West,2020-06-18,estimate,1,1,0,1,1,0,1,0,1
South West,2020-06-19,estimate,1,1,0,0,1,0,1,0,1
South West,2020-06-20,estimate,0,1,0,0,1,0,1,0,1
South West,2020-06-21,estimate,0,0,0,0,0,0,1,0,1
South West,2020-06-22,estimate,0,0,0,0,0,0,1,0,1
South West,2020-06-23,estimate,0,0,0,0,0,0,0,0,1
South West,2020-06-24,estimate,0,0,0,0,0,0,0,0,1
South West,2020-06-25,estimate,0,0,0,0,0,0,0,0,1
South West,2020-06-26,estimate,0,0,0,0,0,0,0,0,1
South West,2020-06-27,estimate,0,0,0,0,0,0,0,0,1
South West,2020-06-28,estimate,0,0,0,0,0,0,0,0,1
South West,2020-06-29,estimate,0,0,0,0,0,0,0,0,1
South West,2020-06-30,estimate,0,0,0,0,0,0,0,0,1
South West,2020-07-01,estimate,0,0,0,0,0,0,0,0,0
South West,2020-07-02,estimate,0,0,0,0,0,0,0,0,0
South West,2020-07-03,estimate,0,0,0,0,0,0,0,0,0
South West,2020-07-04,estimate,0,0,0,0,0,0,0,0,0
South West,2020-07-05,estimate,0,0,0,0,0,0,0,0,0
South West,2020-07-06,estimate,0,0,0,0,0,0,0,0,0
South West,2020-07-07,estimate,0,0,0,0,0,0,0,0,0
South West,2020-07-08,estimate,0,0,0,0,0,0,0,0,0
South West,2020-07-09,estimate,0,0,0,0,0,0,0,0,0
South West,2020-07-10,estimate,0,0,0,0,0,0,0,0,0
South West,2020-07-11,estimate,0,0,0,0,0,0,0,0,0
South West,2020-07-12,estimate,0,0,0,0,0,0,0,0,0
South West,2020-07-13,estimate,0,0,0,0,0,0,0,0,0
South West,2020-07-14,estimate,0,0,0,0,0,0,0,0,0
South West,2020-07-15,estimate,0,0,0,0,0,0,0,0,0
South West,2020-07-16,estimate,0,0,0,0,0,0,0,0,0
South West,2020-07-17,estimate,0,0,0,0,0,0,0,0,0
South West,2020-07-18,estimate,0,0,0,0,0,0,0,0,0
South West,2020-07-19,estimate,0,0,0,0,0,0,0,0,0
South West,2020-07-20,estimate,0,0,0,0,0,0,0,0,0
South West,2020-07-21,estimate,0,0,0,0,0,0,0,0,0
South West,2020-07-22,estimate,0,0,0,0,0,0,0,0,0
South West,2020-07-23,estimate,0,0,0,0,0,0,0,0,0
South West,2020-07-24,estimate,0,0,0,0,0,0,0,0,0
South West,2020-07-25,estimate,0,0,0,0,0,0,0,0,0
South West,2020-07-26,estimate,0,0,0,0,0,0,0,0,0
South West,2020-07-27,estimate,0,0,0,0,0,0,0,0,0
South West,2020-07-28,estimate,0,0,0,0,0,0,0,0,0
South West,2020-07-29,estimate,0,0,0,0,0,0,0,0,0
South West,2020-07-30,estimate,0,0,0,0,0,0,0,0,0
South West,2020-07-31,estimate,0,0,0,0,0,0,0,0,0
South West,2020-08-01,estimate,0,0,0,0,0,0,0,0,0
South West,2020-08-02,estimate,0,0,0,0,0,0,0,0,0
South West,2020-08-03,estimate,0,0,0,0,0,0,0,0,0
South West,2020-08-04,estimate,0,0,0,0,0,0,0,0,0
South West,2020-08-05,estimate,0,0,0,0,0,0,0,0,1
South West,2020-08-06,estimate,0,0,0,0,0,0,0,0,1
South West,2020-08-07,estimate,0,0,0,0,0,0,0,0,1
South West,2020-08-08,estimate,0,0,0,0,0,0,0,0,1
South West,2020-08-09,estimate,0,0,0,0,0,0,0,0,1
South West,2020-08-10,estimate,0,0,0,0,0,0,0,0,1
South West,2020-08-11,estimate,0,0,0,0,0,0,0,0,1
South West,2020-08-12,estimate,0,0,0,0,0,0,0,0,1
South West,2020-08-13,estimate,0,0,0,0,0,0,0,0,1
South West,2020-08-14,estimate,0,0,0,0,0,0,0,0,1
South West,2020-08-15,estimate,0,0,0,0,0,0,0,0,1
South West,2020-08-16,estimate,0,0,0,0,0,0,0,0,1
South West,2020-08-17,estimate,0,0,0,0,0,0,0,0,1
South West,2020-08-18,estimate,0,0,0,0,0,0,0,0,1
South West,2020-08-19,estimate,0,0,0,0,0,0,0,0,1
South West,2020-08-20,estimate,0,0,0,0,0,0,0,0,1
South West,2020-08-21,estimate,0,0,0,0,0,0,0,0,1
South West,2020-08-22,estimate,0,0,0,0,0,0,0,0,1
South West,2020-08-23,estimate,0,0,0,0,0,0,0,0,1
South West,2020-08-24,estimate,0,0,0,0,0,0,0,0,1
South West,2020-08-25,estimate,0,0,0,0,0,0,1,0,1
South West,2020-08-26,estimate,0,0,0,0,0,0,1,0,1
South West,2020-08-27,estimate,0,0,0,0,0,0,1,0,1
South West,2020-08-28,estimate,0,0,0,0,0,0,1,0,1
South West,2020-08-29,estimate,0,0,0,0,0,0,1,0,1
South West,2020-08-30,estimate,0,1,0,0,0,0,1,0,1
South West,2020-08-31,estimate,0,1,0,0,0,0,1,0,1
South West,2020-09-01,estimate,1,1,0,0,1,0,1,0,1
South West,2020-09-02,estimate,1,1,0,0,1,0,1,0,1
South West,2020-09-03,estimate,1,1,0,0,0,0,1,0,1
South West,2020-09-04,estimate based on partial data,1,1,0,0,0,0,1,0,1
South West,2020-09-05,estimate based on partial data,1,1,0,0,0,0,1,0,1
South West,2020-09-06,estimate based on partial data,1,1,0,0,1,0,1,0,1
South West,2020-09-07,estimate based on partial data,1,1,0,0,1,0,1,0,1
South West,2020-09-08,estimate based on partial data,1,1,0,0,0,0,1,0,1
South West,2020-09-09,estimate based on partial data,1,1,0,0,0,0,1,0,1
South West,2020-09-10,estimate based on partial data,1,1,0,0,1,0,1,0,1
South West,2020-09-11,estimate based on partial data,1,1,0,0,1,0,1,0,1
South West,2020-09-12,estimate based on partial data,1,1,0,0,1,0,1,0,1
South West,2020-09-13,estimate based on partial data,1,1,1,0,0,0,1,0,1
South West,2020-09-14,estimate based on partial data,1,1,1,0,0,0,1,0,2
South West,2020-09-15,estimate based on partial data,1,1,1,0,0,0,1,0,2
South West,2020-09-16,estimate based on partial data,1,1,1,0,0,0,1,0,2
South West,2020-09-17,estimate based on partial data,1,1,1,0,0,0,1,0,2
South West,2020-09-18,estimate based on partial data,1,1,1,0,0,0,1,0,2
South West,2020-09-19,estimate based on partial data,1,1,1,0,0,0,1,0,2
South West,2020-09-20,estimate based on partial data,1,1,2,0,0,0,1,0,3
South West,2020-09-21,estimate based on partial data,1,1,2,0,0,0,1,0,3
South West,2020-09-22,estimate based on partial data,1,1,2,0,0,0,1,0,3
South West,2020-09-23,estimate based on partial data,1,2,3,0,0,0,1,0,3
